disturbance_type,src_stand_key,tgt_stand_key,src_species,tgt_species,src_origin,tgt_origin,src_si_class,tgt_si_class,src_growth_period,tgt_growth_period,src_mgmt_trajectory,tgt_mgmt_trajectory,reset_age
Clearcut,BH1427-1-1,BH1427-1-1,LB,LB,PY,PY,SI90,SI90,current,post_regen,T1-17-T2-0-F1-0-F2-0,T1-0-T2-0-F1-0-F2-0,0
Site_Prep,BH1427-1-1,BH1427-1-1,LB,LB,PY,PY,SI90,SI90,current,current,T1-17-T2-0-F1-0-F2-0,T1-17-T2-0-F1-0-F2-0,-1
1st_Thin,BH1427-1-1,BH1427-1-1,LB,LB,PY,PY,SI90,SI90,current,current,T1-17-T2-0-F1-0-F2-0,T1-14-T2-0-F1-0-F2-0,-1
2nd_Thin,BH1427-1-1,BH1427-1-1,LB,LB,PY,PY,SI90,SI90,current,current,T1-17-T2-0-F1-0-F2-0,T1-14-T2-21-F1-15-F2-0,-1
Clearcut,BH1427-1-3,BH1427-1-3,LB,LB,PY,PY,SI90,SI90,current,post_regen,T1-0-T2-0-F1-0-F2-0,T1-0-T2-0-F1-0-F2-0,0
Site_Prep,BH1427-1-3,BH1427-1-3,LB,LB,PY,PY,SI90,SI90,current,current,T1-0-T2-0-F1-0-F2-0,T1-0-T2-0-F1-0-F2-0,-1
1st_Thin,BH1427-1-3,BH1427-1-3,LB,LB,PY,PY,SI90,SI90,current,current,T1-0-T2-0-F1-0-F2-0,T1-14-T2-0-F1-0-F2-0,-1
2nd_Thin,BH1427-1-3,BH1427-1-3,LB,LB,PY,PY,SI90,SI90,current,current,T1-0-T2-0-F1-0-F2-0,T1-14-T2-20-F1-15-F2-0,-1
2nd_Thin,BH1427-1-337,BH1427-1-337,LB,LB,PY,PY,SI90,SI90,current,current,T1-14-T2-0-F1-0-F2-0,T1-14-T2-21-F1-0-F2-0,-1
Clearcut,BH1427-1-337,BH1427-1-337,LB,LB,PY,PY,SI90,SI90,current,post_regen,T1-14-T2-0-F1-0-F2-0,T1-0-T2-0-F1-0-F2-0,0
Site_Prep,BH1427-1-337,BH1427-1-337,LB,LB,PY,PY,SI90,SI90,current,current,T1-14-T2-0-F1-0-F2-0,T1-14-T2-0-F1-0-F2-0,-1
1st_Thin,BH1427-1-337,BH1427-1-337,LB,LB,PY,PY,SI90,SI90,current,current,T1-14-T2-0-F1-0-F2-0,T1-14-T2-0-F1-0-F2-0,-1
1st_Thin,BH1429-1-10,BH1429-1-10,LB,LB,PY,PY,SI80,SI80,current,current,T1-0-T2-0-F1-0-F2-0,T1-14-T2-0-F1-0-F2-0,-1
Clearcut,BH1429-1-10,BH1429-1-10,LB,LB,PY,PY,SI80,SI80,current,post_regen,T1-0-T2-0-F1-0-F2-0,T1-0-T2-0-F1-0-F2-0,0
Site_Prep,BH1429-1-10,BH1429-1-10,LB,LB,PY,PY,SI80,SI80,current,current,T1-0-T2-0-F1-0-F2-0,T1-0-T2-0-F1-0-F2-0,-1
2nd_Thin,BH1429-1-10,BH1429-1-10,LB,LB,PY,PY,SI80,SI80,current,current,T1-0-T2-0-F1-0-F2-0,T1-14-T2-21-F1-15-F2-0,-1
1st_Thin,BH1429-1-11,BH1429-1-11,LB,LB,PY,PY,SI75,SI75,current,current,T1-0-T2-0-F1-0-F2-0,T1-14-T2-0-F1-0-F2-0,-1
2nd_Thin,BH1429-1-11,BH1429-1-11,LB,LB,PY,PY,SI75,SI75,current,current,T1-0-T2-0-F1-0-F2-0,T1-14-T2-21-F1-15-F2-0,-1
Clearcut,BH1429-1-11,BH1429-1-11,LB,LB,PY,PY,SI75,SI75,current,post_regen,T1-0-T2-0-F1-0-F2-0,T1-0-T2-0-F1-0-F2-0,0
Site_Prep,BH1429-1-11,BH1429-1-11,LB,LB,PY,PY,SI75,SI75,current,current,T1-0-T2-0-F1-0-F2-0,T1-0-T2-0-F1-0-F2-0,-1
Site_Prep,BH1429-1-16,BH1429-1-16,COLL,COLL,OY,OY,SI70,SI70,current,current,T1-0-T2-0-F1-0-F2-0,T1-0-T2-0-F1-0-F2-0,-1
1st_Thin,BH1429-1-16,BH1429-1-16,COLL,COLL,OY,OY,SI70,SI70,current,current,T1-0-T2-0-F1-0-F2-0,T1-14-T2-0-F1-0-F2-0,-1
Clearcut,BH1429-1-16,BH1429-1-16,COLL,LL,OY,OY,SI70,SI70,current,post_regen,T1-0-T2-0-F1-0-F2-0,T1-0-T2-0-F1-0-F2-0,0
17.26% clearcut,BH1429-1-338,BH1429-1-338,LB,LB,PY,PY,SI85,SI85,current,current,T1-19-T2-0-F1-0-F2-0,T1-19-T2-0-F1-0-F2-0,-1
Site_Prep,BH1429-1-338,BH1429-1-338,LB,LB,PY,PY,SI85,SI85,current,current,T1-19-T2-0-F1-0-F2-0,T1-19-T2-0-F1-0-F2-0,-1
Clearcut,BH1429-1-338,BH1429-1-338,LB,LB,PY,PY,SI85,SI85,current,post_regen,T1-19-T2-0-F1-0-F2-0,T1-0-T2-0-F1-0-F2-0,0
1st_Thin,BH1429-1-338,BH1429-1-338,LB,LB,PY,PY,SI85,SI85,current,current,T1-19-T2-0-F1-0-F2-0,T1-14-T2-0-F1-0-F2-0,-1
2nd_Thin,BH1429-1-338,BH1429-1-338,LB,LB,PY,PY,SI85,SI85,current,current,T1-19-T2-0-F1-0-F2-0,T1-14-T2-21-F1-15-F2-0,-1
Site_Prep,BH1429-1-365,BH1429-1-365,COLL,COLL,OY,OY,SI75,SI75,current,current,T1-0-T2-0-F1-0-F2-0,T1-0-T2-0-F1-0-F2-0,-1
1st_Thin,BH1429-1-365,BH1429-1-365,COLL,COLL,OY,OY,SI75,SI75,current,current,T1-0-T2-0-F1-0-F2-0,T1-14-T2-0-F1-0-F2-0,-1
Clearcut,BH1429-1-365,BH1429-1-365,COLL,LL,OY,OY,SI75,SI75,current,post_regen,T1-0-T2-0-F1-0-F2-0,T1-0-T2-0-F1-0-F2-0,0
Site_Prep,BH1429-1-41,BH1429-1-41,COLL,COLL,OY,OY,SI75,SI75,current,current,T1-0-T2-0-F1-0-F2-0,T1-0-T2-0-F1-0-F2-0,-1
1st_Thin,BH1429-1-41,BH1429-1-41,COLL,COLL,OY,OY,SI75,SI75,current,current,T1-0-T2-0-F1-0-F2-0,T1-14-T2-0-F1-0-F2-0,-1
Clearcut,BH1429-1-41,BH1429-1-41,COLL,LL,OY,OY,SI75,SI75,current,post_regen,T1-0-T2-0-F1-0-F2-0,T1-0-T2-0-F1-0-F2-0,0
1st_Thin,BH1429-1-42,BH1429-1-42,LB,LB,PY,PY,SI75,SI75,current,current,T1-0-T2-0-F1-0-F2-0,T1-14-T2-0-F1-0-F2-0,-1
2nd_Thin,BH1429-1-42,BH1429-1-42,LB,LB,PY,PY,SI75,SI75,current,current,T1-0-T2-0-F1-0-F2-0,T1-14-T2-21-F1-15-F2-0,-1
Clearcut,BH1429-1-42,BH1429-1-42,LB,LB,PY,PY,SI75,SI75,current,post_regen,T1-0-T2-0-F1-0-F2-0,T1-0-T2-0-F1-0-F2-0,0
Site_Prep,BH1429-1-42,BH1429-1-42,LB,LB,PY,PY,SI75,SI75,current,current,T1-0-T2-0-F1-0-F2-0,T1-0-T2-0-F1-0-F2-0,-1
Clearcut,BH1429-1-45,BH1429-1-45,LB,LB,PY,PY,SI85,SI85,current,post_regen,T1-0-T2-0-F1-0-F2-0,T1-0-T2-0-F1-0-F2-0,0
Site_Prep,BH1429-1-45,BH1429-1-45,LB,LB,PY,PY,SI85,SI85,current,current,T1-0-T2-0-F1-0-F2-0,T1-0-T2-0-F1-0-F2-0,-1
1st_Thin,BH1429-1-45,BH1429-1-45,LB,LB,PY,PY,SI85,SI85,current,current,T1-0-T2-0-F1-0-F2-0,T1-14-T2-0-F1-0-F2-0,-1
2nd_Thin,BH1429-1-45,BH1429-1-45,LB,LB,PY,PY,SI85,SI85,current,current,T1-0-T2-0-F1-0-F2-0,T1-14-T2-21-F1-15-F2-0,-1
2nd_Thin,BH1431-1-25,BH1431-1-25,LB,LB,PY,PY,SI85,SI85,current,current,T1-13-T2-0-F1-0-F2-0,T1-13-T2-21-F1-0-F2-0,-1
Clearcut,BH1431-1-25,BH1431-1-25,LB,LB,PY,PY,SI85,SI85,current,post_regen,T1-13-T2-0-F1-0-F2-0,T1-0-T2-0-F1-0-F2-0,0
Site_Prep,BH1431-1-25,BH1431-1-25,LB,LB,PY,PY,SI85,SI85,current,current,T1-13-T2-0-F1-0-F2-0,T1-13-T2-0-F1-0-F2-0,-1
1st_Thin,BH1431-1-25,BH1431-1-25,LB,LB,PY,PY,SI85,SI85,current,current,T1-13-T2-0-F1-0-F2-0,T1-14-T2-0-F1-0-F2-0,-1
1st_Thin,BH1431-1-26,BH1431-1-26,LB,LB,PY,PY,SI80,SI80,current,current,T1-0-T2-0-F1-0-F2-0,T1-14-T2-0-F1-0-F2-0,-1
2nd_Thin,BH1431-1-26,BH1431-1-26,LB,LB,PY,PY,SI80,SI80,current,current,T1-0-T2-0-F1-0-F2-0,T1-14-T2-21-F1-15-F2-0,-1
Clearcut,BH1431-1-26,BH1431-1-26,LB,LB,PY,PY,SI80,SI80,current,post_regen,T1-0-T2-0-F1-0-F2-0,T1-0-T2-0-F1-0-F2-0,0
Site_Prep,BH1431-1-26,BH1431-1-26,LB,LB,PY,PY,SI80,SI80,current,current,T1-0-T2-0-F1-0-F2-0,T1-0-T2-0-F1-0-F2-0,-1
Clearcut,BH1431-1-27,BH1431-1-27,LB,LB,PY,PY,SI90,SI90,current,post_regen,T1-0-T2-0-F1-0-F2-0,T1-0-T2-0-F1-0-F2-0,0
Site_Prep,BH1431-1-27,BH1431-1-27,LB,LB,PY,PY,SI90,SI90,current,current,T1-0-T2-0-F1-0-F2-0,T1-0-T2-0-F1-0-F2-0,-1
1st_Thin,BH1431-1-27,BH1431-1-27,LB,LB,PY,PY,SI90,SI90,current,current,T1-0-T2-0-F1-0-F2-0,T1-14-T2-0-F1-0-F2-0,-1
2nd_Thin,BH1431-1-27,BH1431-1-27,LB,LB,PY,PY,SI90,SI90,current,current,T1-0-T2-0-F1-0-F2-0,T1-14-T2-21-F1-15-F2-0,-1
1st_Thin,BH1431-1-28,BH1431-1-28,LB,LB,PY,PY,SI80,SI80,current,current,T1-0-T2-0-F1-0-F2-0,T1-14-T2-0-F1-0-F2-0,-1
Clearcut,BH1431-1-28,BH1431-1-28,LB,LB,PY,PY,SI80,SI80,current,post_regen,T1-0-T2-0-F1-0-F2-0,T1-0-T2-0-F1-0-F2-0,0
Site_Prep,BH1431-1-28,BH1431-1-28,LB,LB,PY,PY,SI80,SI80,current,current,T1-0-T2-0-F1-0-F2-0,T1-0-T2-0-F1-0-F2-0,-1
2nd_Thin,BH1431-1-28,BH1431-1-28,LB,LB,PY,PY,SI80,SI80,current,current,T1-0-T2-0-F1-0-F2-0,T1-14-T2-21-F1-15-F2-0,-1
2nd_Thin,BH1431-1-342,BH1431-1-342,LB,LB,PY,PY,SI90,SI90,current,current,T1-14-T2-0-F1-0-F2-0,T1-14-T2-20-F1-0-F2-0,-1
Clearcut,BH1431-1-342,BH1431-1-342,LB,LB,PY,PY,SI90,SI90,current,post_regen,T1-14-T2-0-F1-0-F2-0,T1-0-T2-0-F1-0-F2-0,0
Site_Prep,BH1431-1-342,BH1431-1-342,LB,LB,PY,PY,SI90,SI90,current,current,T1-14-T2-0-F1-0-F2-0,T1-14-T2-0-F1-0-F2-0,-1
1st_Thin,BH1431-1-342,BH1431-1-342,LB,LB,PY,PY,SI90,SI90,current,current,T1-14-T2-0-F1-0-F2-0,T1-14-T2-0-F1-0-F2-0,-1
Clearcut,BH1435-1-19,BH1435-1-19,LB,LB,NN,NN,SI85,SI85,current,post_regen,T1-14-T2-0-F1-0-F2-0,T1-0-T2-0-F1-0-F2-0,0
Clearcut,BH1435-1-20,BH1435-1-20,LB,LB,PY,PY,SI90,SI90,current,post_regen,T1-12-T2-0-F1-0-F2-0,T1-0-T2-0-F1-0-F2-0,0
Site_Prep,BH1435-1-20,BH1435-1-20,LB,LB,PY,PY,SI90,SI90,current,current,T1-12-T2-0-F1-0-F2-0,T1-12-T2-0-F1-0-F2-0,-1
1st_Thin,BH1435-1-20,BH1435-1-20,LB,LB,PY,PY,SI90,SI90,current,current,T1-12-T2-0-F1-0-F2-0,T1-14-T2-0-F1-0-F2-0,-1
2nd_Thin,BH1435-1-20,BH1435-1-20,LB,LB,PY,PY,SI90,SI90,current,current,T1-12-T2-0-F1-0-F2-0,T1-14-T2-20-F1-15-F2-0,-1
Clearcut,BH1435-1-21,BH1435-1-21,LB,LB,PY,PY,SI80,SI80,current,post_regen,T1-21-T2-0-F1-0-F2-0,T1-0-T2-0-F1-0-F2-0,0
Site_Prep,BH1435-1-21,BH1435-1-21,LB,LB,PY,PY,SI80,SI80,current,current,T1-21-T2-0-F1-0-F2-0,T1-21-T2-0-F1-0-F2-0,-1
1st_Thin,BH1435-1-21,BH1435-1-21,LB,LB,PY,PY,SI80,SI80,current,current,T1-21-T2-0-F1-0-F2-0,T1-14-T2-0-F1-0-F2-0,-1
2nd_Thin,BH1435-1-21,BH1435-1-21,LB,LB,PY,PY,SI80,SI80,current,current,T1-21-T2-0-F1-0-F2-0,T1-14-T2-21-F1-15-F2-0,-1
Clearcut,BH1435-1-23,BH1435-1-23,LB,LB,PY,PY,SI95,SI95,current,post_regen,T1-0-T2-0-F1-0-F2-0,T1-0-T2-0-F1-0-F2-0,0
Site_Prep,BH1435-1-23,BH1435-1-23,LB,LB,PY,PY,SI95,SI95,current,current,T1-0-T2-0-F1-0-F2-0,T1-0-T2-0-F1-0-F2-0,-1
1st_Thin,BH1435-1-23,BH1435-1-23,LB,LB,PY,PY,SI95,SI95,current,current,T1-0-T2-0-F1-0-F2-0,T1-14-T2-0-F1-0-F2-0,-1
2nd_Thin,BH1435-1-23,BH1435-1-23,LB,LB,PY,PY,SI95,SI95,current,current,T1-0-T2-0-F1-0-F2-0,T1-14-T2-20-F1-15-F2-0,-1
1st_Thin,BH1435-1-24,BH1435-1-24,LB,LB,PY,PY,SI80,SI80,current,current,T1-0-T2-0-F1-0-F2-0,T1-14-T2-0-F1-0-F2-0,-1
2nd_Thin,BH1435-1-24,BH1435-1-24,LB,LB,PY,PY,SI80,SI80,current,current,T1-0-T2-0-F1-0-F2-0,T1-14-T2-21-F1-15-F2-0,-1
Clearcut,BH1435-1-24,BH1435-1-24,LB,LB,PY,PY,SI80,SI80,current,post_regen,T1-0-T2-0-F1-0-F2-0,T1-0-T2-0-F1-0-F2-0,0
Site_Prep,BH1435-1-24,BH1435-1-24,LB,LB,PY,PY,SI80,SI80,current,current,T1-0-T2-0-F1-0-F2-0,T1-0-T2-0-F1-0-F2-0,-1
Clearcut,BH1435-1-30,BH1435-1-30,LB,LB,PY,PY,SI90,SI90,current,post_regen,T1-19-T2-0-F1-0-F2-0,T1-0-T2-0-F1-0-F2-0,0
Site_Prep,BH1435-1-30,BH1435-1-30,LB,LB,PY,PY,SI90,SI90,current,current,T1-19-T2-0-F1-0-F2-0,T1-19-T2-0-F1-0-F2-0,-1
1st_Thin,BH1435-1-30,BH1435-1-30,LB,LB,PY,PY,SI90,SI90,current,current,T1-19-T2-0-F1-0-F2-0,T1-14-T2-0-F1-0-F2-0,-1
2nd_Thin,BH1435-1-30,BH1435-1-30,LB,LB,PY,PY,SI90,SI90,current,current,T1-19-T2-0-F1-0-F2-0,T1-14-T2-20-F1-15-F2-0,-1
Clearcut,BH1435-1-31,BH1435-1-31,LB,LB,PY,PY,SI85,SI85,current,post_regen,T1-14-T2-0-F1-0-F2-0,T1-0-T2-0-F1-0-F2-0,0
Site_Prep,BH1435-1-31,BH1435-1-31,LB,LB,PY,PY,SI85,SI85,current,current,T1-14-T2-0-F1-0-F2-0,T1-14-T2-0-F1-0-F2-0,-1
1st_Thin,BH1435-1-31,BH1435-1-31,LB,LB,PY,PY,SI85,SI85,current,current,T1-14-T2-0-F1-0-F2-0,T1-14-T2-0-F1-0-F2-0,-1
2nd_Thin,BH1435-1-31,BH1435-1-31,LB,LB,PY,PY,SI85,SI85,current,current,T1-14-T2-0-F1-0-F2-0,T1-14-T2-21-F1-15-F2-0,-1
Clearcut,BH1435-1-339,BH1435-1-339,LB,LB,PY,PY,SI95,SI95,current,post_regen,T1-0-T2-0-F1-0-F2-0,T1-0-T2-0-F1-0-F2-0,0
Site_Prep,BH1435-1-339,BH1435-1-339,LB,LB,PY,PY,SI95,SI95,current,current,T1-0-T2-0-F1-0-F2-0,T1-0-T2-0-F1-0-F2-0,-1
1st_Thin,BH1435-1-339,BH1435-1-339,LB,LB,PY,PY,SI95,SI95,current,current,T1-0-T2-0-F1-0-F2-0,T1-14-T2-0-F1-0-F2-0,-1
2nd_Thin,BH1435-1-339,BH1435-1-339,LB,LB,PY,PY,SI95,SI95,current,current,T1-0-T2-0-F1-0-F2-0,T1-14-T2-20-F1-15-F2-0,-1
Clearcut,BH1435-1-343,BH1435-1-343,LB,LB,PY,PY,SI85,SI85,current,post_regen,T1-20-T2-0-F1-0-F2-0,T1-0-T2-0-F1-0-F2-0,0
Site_Prep,BH1435-1-343,BH1435-1-343,LB,LB,PY,PY,SI85,SI85,current,current,T1-20-T2-0-F1-0-F2-0,T1-20-T2-0-F1-0-F2-0,-1
1st_Thin,BH1435-1-343,BH1435-1-343,LB,LB,PY,PY,SI85,SI85,current,current,T1-20-T2-0-F1-0-F2-0,T1-14-T2-0-F1-0-F2-0,-1
2nd_Thin,BH1435-1-343,BH1435-1-343,LB,LB,PY,PY,SI85,SI85,current,current,T1-20-T2-0-F1-0-F2-0,T1-14-T2-21-F1-15-F2-0,-1
1st_Thin,BH1435-1-384,BH1435-1-384,LB,LB,PY,PY,SI85,SI85,current,current,T1-0-T2-0-F1-0-F2-0,T1-14-T2-0-F1-0-F2-0,-1
2nd_Thin,BH1435-1-384,BH1435-1-384,LB,LB,PY,PY,SI85,SI85,current,current,T1-0-T2-0-F1-0-F2-0,T1-14-T2-19-F1-0-F2-0,-1
82.64% clearcut,BH1435-1-384,BH1435-1-384,LB,LB,PY,PY,SI85,SI85,current,current,T1-0-T2-0-F1-0-F2-0,T1-0-T2-0-F1-0-F2-0,-1
Site_Prep,BH1435-1-384,BH1435-1-384,LB,LB,PY,PY,SI85,SI85,current,current,T1-0-T2-0-F1-0-F2-0,T1-0-T2-0-F1-0-F2-0,-1
Clearcut,BH1435-1-384,BH1435-1-384,LB,LB,PY,PY,SI85,SI85,current,post_regen,T1-0-T2-0-F1-0-F2-0,T1-0-T2-0-F1-0-F2-0,0
1st_Thin,BH1435-1-390,BH1435-1-390,LB,LB,PY,PY,SI80,SI80,current,current,T1-0-T2-0-F1-0-F2-0,T1-14-T2-0-F1-0-F2-0,-1
2nd_Thin,BH1435-1-390,BH1435-1-390,LB,LB,PY,PY,SI80,SI80,current,current,T1-0-T2-0-F1-0-F2-0,T1-14-T2-21-F1-15-F2-0,-1
Clearcut,BH1435-1-390,BH1435-1-390,LB,LB,PY,PY,SI80,SI80,current,post_regen,T1-0-T2-0-F1-0-F2-0,T1-0-T2-0-F1-0-F2-0,0
Site_Prep,BH1435-1-390,BH1435-1-390,LB,LB,PY,PY,SI80,SI80,current,current,T1-0-T2-0-F1-0-F2-0,T1-0-T2-0-F1-0-F2-0,-1
Clearcut,BH1435-1-46,BH1435-1-46,LB,LB,PY,PY,SI85,SI85,current,post_regen,T1-0-T2-0-F1-0-F2-0,T1-0-T2-0-F1-0-F2-0,0
Site_Prep,BH1435-1-46,BH1435-1-46,LB,LB,PY,PY,SI85,SI85,current,current,T1-0-T2-0-F1-0-F2-0,T1-0-T2-0-F1-0-F2-0,-1
1st_Thin,BH1435-1-46,BH1435-1-46,LB,LB,PY,PY,SI85,SI85,current,current,T1-0-T2-0-F1-0-F2-0,T1-14-T2-0-F1-0-F2-0,-1
2nd_Thin,BH1435-1-46,BH1435-1-46,LB,LB,PY,PY,SI85,SI85,current,current,T1-0-T2-0-F1-0-F2-0,T1-14-T2-21-F1-15-F2-0,-1
Clearcut,BH2046-1-364,BH2046-1-364,LB,LB,PY,PY,SI75,SI75,current,post_regen,T1-17-T2-0-F1-0-F2-0,T1-0-T2-0-F1-0-F2-0,0
Site_Prep,BH2046-1-364,BH2046-1-364,LB,LB,PY,PY,SI75,SI75,current,current,T1-17-T2-0-F1-0-F2-0,T1-17-T2-0-F1-0-F2-0,-1
1st_Thin,BH2046-1-364,BH2046-1-364,LB,LB,PY,PY,SI75,SI75,current,current,T1-17-T2-0-F1-0-F2-0,T1-14-T2-0-F1-0-F2-0,-1
2nd_Thin,BH2046-1-364,BH2046-1-364,LB,LB,PY,PY,SI75,SI75,current,current,T1-17-T2-0-F1-0-F2-0,T1-14-T2-21-F1-15-F2-0,-1
1st_Thin,BH2046-1-385,BH2046-1-385,LB,LB,PY,PY,SI75,SI75,current,current,T1-0-T2-0-F1-0-F2-0,T1-14-T2-0-F1-0-F2-0,-1
Clearcut,BH2046-1-385,BH2046-1-385,LB,LB,PY,PY,SI75,SI75,current,post_regen,T1-0-T2-0-F1-0-F2-0,T1-0-T2-0-F1-0-F2-0,0
Site_Prep,BH2046-1-385,BH2046-1-385,LB,LB,PY,PY,SI75,SI75,current,current,T1-0-T2-0-F1-0-F2-0,T1-0-T2-0-F1-0-F2-0,-1
Site_Prep,BH2046-1-398,BH2046-1-398,COLL,COLL,OY,OY,SI65,SI65,current,current,T1-0-T2-0-F1-0-F2-0,T1-0-T2-0-F1-0-F2-0,-1
1st_Thin,BH2046-1-398,BH2046-1-398,COLL,COLL,OY,OY,SI65,SI65,current,current,T1-0-T2-0-F1-0-F2-0,T1-14-T2-0-F1-0-F2-0,-1
Clearcut,BH2046-1-398,BH2046-1-398,COLL,LL,OY,OY,SI65,SI65,current,post_regen,T1-0-T2-0-F1-0-F2-0,T1-0-T2-0-F1-0-F2-0,0
20.58% clearcut,BH2046-1-52,BH2046-1-52,HH,HH,NN,NN,SI95,SI95,current,current,T1-0-T2-0-F1-0-F2-0,T1-0-T2-0-F1-0-F2-0,-1
45.38% clearcut,BH2046-1-52,BH2046-1-52,HH,HH,NN,NN,SI95,SI95,current,current,T1-0-T2-0-F1-0-F2-0,T1-0-T2-0-F1-0-F2-0,-1
2.12% clearcut,BH2046-1-52,BH2046-1-52,HH,HH,NN,NN,SI95,SI95,current,current,T1-0-T2-0-F1-0-F2-0,T1-0-T2-0-F1-0-F2-0,-1
Clearcut,BH2046-1-52,BH2046-1-52,HH,LB,NN,NN,SI95,SI95,current,post_regen,T1-0-T2-0-F1-0-F2-0,T1-0-T2-0-F1-0-F2-0,0
1.52% clearcut,BH2046-1-52,BH2046-1-52,HH,HH,NN,NN,SI95,SI95,current,current,T1-0-T2-0-F1-0-F2-0,T1-0-T2-0-F1-0-F2-0,-1
0.61% clearcut,BH2046-1-52,BH2046-1-52,HH,HH,NN,NN,SI95,SI95,current,current,T1-0-T2-0-F1-0-F2-0,T1-0-T2-0-F1-0-F2-0,-1
43.86% clearcut,BH2046-1-52,BH2046-1-52,HH,HH,NN,NN,SI95,SI95,current,current,T1-0-T2-0-F1-0-F2-0,T1-0-T2-0-F1-0-F2-0,-1
1.51% clearcut,BH2046-1-52,BH2046-1-52,HH,HH,NN,NN,SI95,SI95,current,current,T1-0-T2-0-F1-0-F2-0,T1-0-T2-0-F1-0-F2-0,-1
Clearcut,BH2046-1-53,BH2046-1-53,LB,LB,PY,PY,SI75,SI75,current,post_regen,T1-15-T2-0-F1-0-F2-0,T1-0-T2-0-F1-0-F2-0,0
Site_Prep,BH2046-1-53,BH2046-1-53,LB,LB,PY,PY,SI75,SI75,current,current,T1-15-T2-0-F1-0-F2-0,T1-15-T2-0-F1-0-F2-0,-1
1st_Thin,BH2046-1-53,BH2046-1-53,LB,LB,PY,PY,SI75,SI75,current,current,T1-15-T2-0-F1-0-F2-0,T1-14-T2-0-F1-0-F2-0,-1
2nd_Thin,BH2046-1-53,BH2046-1-53,LB,LB,PY,PY,SI75,SI75,current,current,T1-15-T2-0-F1-0-F2-0,T1-14-T2-21-F1-15-F2-0,-1
1st_Thin,BH2046-1-55,BH2046-1-55,LB,LB,PY,PY,SI50,SI50,current,current,T1-0-T2-0-F1-0-F2-0,T1-14-T2-0-F1-0-F2-0,-1
2nd_Thin,BH2046-1-55,BH2046-1-55,LB,LB,PY,PY,SI50,SI50,current,current,T1-0-T2-0-F1-0-F2-0,T1-14-T2-21-F1-15-F2-0,-1
Clearcut,BH2046-1-55,BH2046-1-55,LB,LB,PY,PY,SI50,SI50,current,post_regen,T1-0-T2-0-F1-0-F2-0,T1-0-T2-0-F1-0-F2-0,0
Site_Prep,BH2046-1-55,BH2046-1-55,LB,LB,PY,PY,SI50,SI50,current,current,T1-0-T2-0-F1-0-F2-0,T1-0-T2-0-F1-0-F2-0,-1
Clearcut,BH2046-1-56,BH2046-1-56,LB,LB,PY,PY,SI75,SI75,current,post_regen,T1-0-T2-0-F1-0-F2-0,T1-0-T2-0-F1-0-F2-0,0
Site_Prep,BH2046-1-56,BH2046-1-56,LB,LB,PY,PY,SI75,SI75,current,current,T1-0-T2-0-F1-0-F2-0,T1-0-T2-0-F1-0-F2-0,-1
1st_Thin,BH2046-1-56,BH2046-1-56,LB,LB,PY,PY,SI75,SI75,current,current,T1-0-T2-0-F1-0-F2-0,T1-14-T2-0-F1-0-F2-0,-1
2nd_Thin,BH2046-1-56,BH2046-1-56,LB,LB,PY,PY,SI75,SI75,current,current,T1-0-T2-0-F1-0-F2-0,T1-14-T2-21-F1-15-F2-0,-1
Clearcut,BH2046-1-57,BH2046-1-57,LB,LB,PY,PY,SI70,SI70,current,post_regen,T1-16-T2-0-F1-0-F2-0,T1-0-T2-0-F1-0-F2-0,0
Site_Prep,BH2046-1-57,BH2046-1-57,LB,LB,PY,PY,SI70,SI70,current,current,T1-16-T2-0-F1-0-F2-0,T1-16-T2-0-F1-0-F2-0,-1
1st_Thin,BH2046-1-57,BH2046-1-57,LB,LB,PY,PY,SI70,SI70,current,current,T1-16-T2-0-F1-0-F2-0,T1-14-T2-0-F1-0-F2-0,-1
Clearcut,BH2046-1-58,BH2046-1-58,LB,LB,NN,NN,SI75,SI75,current,post_regen,T1-15-T2-0-F1-0-F2-0,T1-0-T2-0-F1-0-F2-0,0
Clearcut,BH2046-1-61,BH2046-1-61,LB,LB,PY,PY,SI75,SI75,current,post_regen,T1-0-T2-0-F1-0-F2-0,T1-0-T2-0-F1-0-F2-0,0
Site_Prep,BH2046-1-61,BH2046-1-61,LB,LB,PY,PY,SI75,SI75,current,current,T1-0-T2-0-F1-0-F2-0,T1-0-T2-0-F1-0-F2-0,-1
1st_Thin,BH2046-1-61,BH2046-1-61,LB,LB,PY,PY,SI75,SI75,current,current,T1-0-T2-0-F1-0-F2-0,T1-14-T2-0-F1-0-F2-0,-1
2nd_Thin,BH2046-1-61,BH2046-1-61,LB,LB,PY,PY,SI75,SI75,current,current,T1-0-T2-0-F1-0-F2-0,T1-14-T2-21-F1-15-F2-0,-1
1st_Thin,BH2046-1-64,BH2046-1-64,LB,LB,PY,PY,SI70,SI70,current,current,T1-0-T2-0-F1-0-F2-0,T1-14-T2-0-F1-0-F2-0,-1
Clearcut,BH2046-1-64,BH2046-1-64,LB,LB,PY,PY,SI70,SI70,current,post_regen,T1-0-T2-0-F1-0-F2-0,T1-0-T2-0-F1-0-F2-0,0
Site_Prep,BH2046-1-64,BH2046-1-64,LB,LB,PY,PY,SI70,SI70,current,current,T1-0-T2-0-F1-0-F2-0,T1-0-T2-0-F1-0-F2-0,-1
Clearcut,BH2046-1-67,BH2046-1-67,LB,LB,NN,NN,SI65,SI65,current,post_regen,T1-17-T2-0-F1-0-F2-0,T1-0-T2-0-F1-0-F2-0,0
Site_Prep,BH2047-1-395,BH2047-1-395,COLL,COLL,OY,OY,SI85,SI85,current,current,T1-0-T2-0-F1-0-F2-0,T1-0-T2-0-F1-0-F2-0,-1
1st_Thin,BH2047-1-395,BH2047-1-395,COLL,COLL,OY,OY,SI85,SI85,current,current,T1-0-T2-0-F1-0-F2-0,T1-14-T2-0-F1-0-F2-0,-1
Clearcut,BH2047-1-395,BH2047-1-395,COLL,LL,OY,OY,SI85,SI85,current,post_regen,T1-0-T2-0-F1-0-F2-0,T1-0-T2-0-F1-0-F2-0,0
Clearcut,BH2047-1-72,BH2047-1-72,PH,LB,PY,PY,SI50,SI50,current,post_regen,T1-0-T2-0-F1-0-F2-0,T1-0-T2-0-F1-0-F2-0,0
Site_Prep,BH2047-1-72,BH2047-1-72,PH,PH,PY,PY,SI50,SI50,current,current,T1-0-T2-0-F1-0-F2-0,T1-0-T2-0-F1-0-F2-0,-1
1st_Thin,BH2047-1-72,BH2047-1-72,PH,PH,PY,PY,SI50,SI50,current,current,T1-0-T2-0-F1-0-F2-0,T1-15-T2-0-F1-0-F2-0,-1
Clearcut,BH2047-1-74,BH2047-1-74,LB,LB,PY,PY,SI85,SI85,current,post_regen,T1-14-T2-0-F1-0-F2-0,T1-0-T2-0-F1-0-F2-0,0
Site_Prep,BH2047-1-74,BH2047-1-74,LB,LB,PY,PY,SI85,SI85,current,current,T1-14-T2-0-F1-0-F2-0,T1-14-T2-0-F1-0-F2-0,-1
1st_Thin,BH2047-1-74,BH2047-1-74,LB,LB,PY,PY,SI85,SI85,current,current,T1-14-T2-0-F1-0-F2-0,T1-14-T2-0-F1-0-F2-0,-1
2nd_Thin,BH2047-1-74,BH2047-1-74,LB,LB,PY,PY,SI85,SI85,current,current,T1-14-T2-0-F1-0-F2-0,T1-14-T2-21-F1-15-F2-0,-1
Clearcut,BH2047-1-76,BH2047-1-76,LB,LB,PY,PY,SI80,SI80,current,post_regen,T1-19-T2-0-F1-0-F2-0,T1-0-T2-0-F1-0-F2-0,0
Site_Prep,BH2047-1-76,BH2047-1-76,LB,LB,PY,PY,SI80,SI80,current,current,T1-19-T2-0-F1-0-F2-0,T1-19-T2-0-F1-0-F2-0,-1
1st_Thin,BH2047-1-76,BH2047-1-76,LB,LB,PY,PY,SI80,SI80,current,current,T1-19-T2-0-F1-0-F2-0,T1-14-T2-0-F1-0-F2-0,-1
2nd_Thin,BH2047-1-76,BH2047-1-76,LB,LB,PY,PY,SI80,SI80,current,current,T1-19-T2-0-F1-0-F2-0,T1-14-T2-21-F1-15-F2-0,-1
Clearcut,BH2047-1-81,BH2047-1-81,LB,LB,PY,PY,SI85,SI85,current,post_regen,T1-17-T2-0-F1-0-F2-0,T1-0-T2-0-F1-0-F2-0,0
Site_Prep,BH2047-1-81,BH2047-1-81,LB,LB,PY,PY,SI85,SI85,current,current,T1-17-T2-0-F1-0-F2-0,T1-17-T2-0-F1-0-F2-0,-1
1st_Thin,BH2047-1-81,BH2047-1-81,LB,LB,PY,PY,SI85,SI85,current,current,T1-17-T2-0-F1-0-F2-0,T1-14-T2-0-F1-0-F2-0,-1
2nd_Thin,BH2047-1-81,BH2047-1-81,LB,LB,PY,PY,SI85,SI85,current,current,T1-17-T2-0-F1-0-F2-0,T1-14-T2-21-F1-15-F2-0,-1
1st_Thin,BH2061-1-356,BH2061-1-356,LB,LB,PY,PY,SI90,SI90,current,current,T1-0-T2-0-F1-0-F2-0,T1-14-T2-0-F1-0-F2-0,-1
2nd_Thin,BH2061-1-356,BH2061-1-356,LB,LB,PY,PY,SI90,SI90,current,current,T1-0-T2-0-F1-0-F2-0,T1-14-T2-19-F1-15-F2-0,-1
Clearcut,BH2061-1-356,BH2061-1-356,LB,LB,PY,PY,SI90,SI90,current,post_regen,T1-0-T2-0-F1-0-F2-0,T1-0-T2-0-F1-0-F2-0,0
Site_Prep,BH2061-1-356,BH2061-1-356,LB,LB,PY,PY,SI90,SI90,current,current,T1-0-T2-0-F1-0-F2-0,T1-0-T2-0-F1-0-F2-0,-1
1st_Thin,BH2061-1-357,BH2061-1-357,LB,LB,PY,PY,SI90,SI90,current,current,T1-0-T2-0-F1-0-F2-0,T1-14-T2-0-F1-0-F2-0,-1
2nd_Thin,BH2061-1-357,BH2061-1-357,LB,LB,PY,PY,SI90,SI90,current,current,T1-0-T2-0-F1-0-F2-0,T1-14-T2-21-F1-15-F2-0,-1
Clearcut,BH2061-1-357,BH2061-1-357,LB,LB,PY,PY,SI90,SI90,current,post_regen,T1-0-T2-0-F1-0-F2-0,T1-0-T2-0-F1-0-F2-0,0
Site_Prep,BH2061-1-357,BH2061-1-357,LB,LB,PY,PY,SI90,SI90,current,current,T1-0-T2-0-F1-0-F2-0,T1-0-T2-0-F1-0-F2-0,-1
1st_Thin,BH2061-1-83,BH2061-1-83,LB,LB,PY,PY,SI70,SI70,current,current,T1-0-T2-0-F1-0-F2-0,T1-14-T2-0-F1-0-F2-0,-1
2nd_Thin,BH2061-1-83,BH2061-1-83,LB,LB,PY,PY,SI70,SI70,current,current,T1-0-T2-0-F1-0-F2-0,T1-14-T2-21-F1-15-F2-0,-1
Clearcut,BH2061-1-83,BH2061-1-83,LB,LB,PY,PY,SI70,SI70,current,post_regen,T1-0-T2-0-F1-0-F2-0,T1-0-T2-0-F1-0-F2-0,0
Site_Prep,BH2061-1-83,BH2061-1-83,LB,LB,PY,PY,SI70,SI70,current,current,T1-0-T2-0-F1-0-F2-0,T1-0-T2-0-F1-0-F2-0,-1
Clearcut,BH3011-1-91,BH3011-1-91,LB,LB,PY,PY,SI90,SI90,current,post_regen,T1-14-T2-0-F1-0-F2-0,T1-0-T2-0-F1-0-F2-0,0
Site_Prep,BH3011-1-91,BH3011-1-91,LB,LB,PY,PY,SI90,SI90,current,current,T1-14-T2-0-F1-0-F2-0,T1-14-T2-0-F1-0-F2-0,-1
1st_Thin,BH3011-1-91,BH3011-1-91,LB,LB,PY,PY,SI90,SI90,current,current,T1-14-T2-0-F1-0-F2-0,T1-14-T2-0-F1-0-F2-0,-1
2nd_Thin,BH3011-1-91,BH3011-1-91,LB,LB,PY,PY,SI90,SI90,current,current,T1-14-T2-0-F1-0-F2-0,T1-14-T2-21-F1-15-F2-0,-1
Clearcut,BH3011-1-92,BH3011-1-92,LB,LB,PY,PY,SI90,SI90,current,post_regen,T1-0-T2-0-F1-0-F2-0,T1-0-T2-0-F1-0-F2-0,0
Site_Prep,BH3011-1-92,BH3011-1-92,LB,LB,PY,PY,SI90,SI90,current,current,T1-0-T2-0-F1-0-F2-0,T1-0-T2-0-F1-0-F2-0,-1
1st_Thin,BH3011-1-92,BH3011-1-92,LB,LB,PY,PY,SI90,SI90,current,current,T1-0-T2-0-F1-0-F2-0,T1-14-T2-0-F1-0-F2-0,-1
2nd_Thin,BH3011-1-92,BH3011-1-92,LB,LB,PY,PY,SI90,SI90,current,current,T1-0-T2-0-F1-0-F2-0,T1-14-T2-20-F1-15-F2-0,-1
1st_Thin,BH4023-1-95,BH4023-1-95,LB,LB,PY,PY,SI75,SI75,current,current,T1-0-T2-0-F1-0-F2-0,T1-16-T2-0-F1-0-F2-0,-1
Clearcut,BH4023-1-95,BH4023-1-95,LB,LB,PY,PY,SI75,SI75,current,post_regen,T1-0-T2-0-F1-0-F2-0,T1-0-T2-0-F1-0-F2-0,0
Site_Prep,BH4023-1-95,BH4023-1-95,LB,LB,PY,PY,SI75,SI75,current,current,T1-0-T2-0-F1-0-F2-0,T1-0-T2-0-F1-0-F2-0,-1
Clearcut,BH4059-1-108,BH4059-1-108,PH,LB,PY,PY,SI55,SI55,current,post_regen,T1-0-T2-0-F1-0-F2-0,T1-0-T2-0-F1-0-F2-0,0
Site_Prep,BH4059-1-108,BH4059-1-108,PH,PH,PY,PY,SI55,SI55,current,current,T1-0-T2-0-F1-0-F2-0,T1-0-T2-0-F1-0-F2-0,-1
1st_Thin,BH4059-1-108,BH4059-1-108,PH,PH,PY,PY,SI55,SI55,current,current,T1-0-T2-0-F1-0-F2-0,T1-14-T2-0-F1-0-F2-0,-1
Clearcut,BH4059-1-109,BH4059-1-109,PH,LB,PY,PY,SI55,SI55,current,post_regen,T1-0-T2-0-F1-0-F2-0,T1-0-T2-0-F1-0-F2-0,0
Site_Prep,BH4059-1-109,BH4059-1-109,PH,PH,PY,PY,SI55,SI55,current,current,T1-0-T2-0-F1-0-F2-0,T1-0-T2-0-F1-0-F2-0,-1
1st_Thin,BH4059-1-109,BH4059-1-109,PH,PH,PY,PY,SI55,SI55,current,current,T1-0-T2-0-F1-0-F2-0,T1-14-T2-0-F1-0-F2-0,-1
1st_Thin,BH5120-1-111,BH5120-1-111,LB,LB,PY,PY,SI80,SI80,current,current,T1-0-T2-0-F1-0-F2-0,T1-14-T2-0-F1-0-F2-0,-1
2nd_Thin,BH5120-1-111,BH5120-1-111,LB,LB,PY,PY,SI80,SI80,current,current,T1-0-T2-0-F1-0-F2-0,T1-14-T2-20-F1-0-F2-0,-1
Clearcut,BH5120-1-111,BH5120-1-111,LB,LB,PY,PY,SI80,SI80,current,post_regen,T1-0-T2-0-F1-0-F2-0,T1-0-T2-0-F1-0-F2-0,0
Site_Prep,BH5120-1-111,BH5120-1-111,LB,LB,PY,PY,SI80,SI80,current,current,T1-0-T2-0-F1-0-F2-0,T1-0-T2-0-F1-0-F2-0,-1
1st_Thin,BH5132-1-116,BH5132-1-116,LB,LB,PY,PY,SI80,SI80,current,current,T1-0-T2-0-F1-0-F2-0,T1-14-T2-0-F1-0-F2-0,-1
Clearcut,BH5132-1-116,BH5132-1-116,LB,LB,PY,PY,SI80,SI80,current,post_regen,T1-0-T2-0-F1-0-F2-0,T1-0-T2-0-F1-0-F2-0,0
Site_Prep,BH5132-1-116,BH5132-1-116,LB,LB,PY,PY,SI80,SI80,current,current,T1-0-T2-0-F1-0-F2-0,T1-0-T2-0-F1-0-F2-0,-1
2nd_Thin,BH5132-1-116,BH5132-1-116,LB,LB,PY,PY,SI80,SI80,current,current,T1-0-T2-0-F1-0-F2-0,T1-14-T2-21-F1-0-F2-0,-1
Clearcut,BH5132-1-117,BH5132-1-117,LB,LB,PY,PY,SI75,SI75,current,post_regen,T1-0-T2-0-F1-0-F2-0,T1-0-T2-0-F1-0-F2-0,0
Site_Prep,BH5132-1-117,BH5132-1-117,LB,LB,PY,PY,SI75,SI75,current,current,T1-0-T2-0-F1-0-F2-0,T1-0-T2-0-F1-0-F2-0,-1
1st_Thin,BH5132-1-117,BH5132-1-117,LB,LB,PY,PY,SI75,SI75,current,current,T1-0-T2-0-F1-0-F2-0,T1-14-T2-0-F1-0-F2-0,-1
2nd_Thin,BH5132-1-117,BH5132-1-117,LB,LB,PY,PY,SI75,SI75,current,current,T1-0-T2-0-F1-0-F2-0,T1-14-T2-21-F1-0-F2-0,-1
1st_Thin,BH5132-1-121,BH5132-1-121,LB,LB,PY,PY,SI80,SI80,current,current,T1-0-T2-0-F1-0-F2-0,T1-14-T2-0-F1-0-F2-0,-1
Clearcut,BH5132-1-121,BH5132-1-121,LB,LB,PY,PY,SI80,SI80,current,post_regen,T1-0-T2-0-F1-0-F2-0,T1-0-T2-0-F1-0-F2-0,0
Site_Prep,BH5132-1-121,BH5132-1-121,LB,LB,PY,PY,SI80,SI80,current,current,T1-0-T2-0-F1-0-F2-0,T1-0-T2-0-F1-0-F2-0,-1
2nd_Thin,BH5132-1-121,BH5132-1-121,LB,LB,PY,PY,SI80,SI80,current,current,T1-0-T2-0-F1-0-F2-0,T1-14-T2-21-F1-0-F2-0,-1
Clearcut,BH5132-1-122,BH5132-1-122,LB,LB,PY,PY,SI80,SI80,current,post_regen,T1-0-T2-0-F1-0-F2-0,T1-0-T2-0-F1-0-F2-0,0
Site_Prep,BH5132-1-122,BH5132-1-122,LB,LB,PY,PY,SI80,SI80,current,current,T1-0-T2-0-F1-0-F2-0,T1-0-T2-0-F1-0-F2-0,-1
1st_Thin,BH5132-1-122,BH5132-1-122,LB,LB,PY,PY,SI80,SI80,current,current,T1-0-T2-0-F1-0-F2-0,T1-14-T2-0-F1-0-F2-0,-1
2nd_Thin,BH5132-1-122,BH5132-1-122,LB,LB,PY,PY,SI80,SI80,current,current,T1-0-T2-0-F1-0-F2-0,T1-14-T2-20-F1-0-F2-0,-1
1st_Thin,BH5132-1-123,BH5132-1-123,LB,LB,PY,PY,SI80,SI80,current,current,T1-0-T2-0-F1-0-F2-0,T1-14-T2-0-F1-0-F2-0,-1
51.3% clearcut,BH5132-1-123,BH5132-1-123,LB,LB,PY,PY,SI80,SI80,current,current,T1-0-T2-0-F1-0-F2-0,T1-0-T2-0-F1-0-F2-0,-1
Site_Prep,BH5132-1-123,BH5132-1-123,LB,LB,PY,PY,SI80,SI80,current,current,T1-0-T2-0-F1-0-F2-0,T1-0-T2-0-F1-0-F2-0,-1
Clearcut,BH5132-1-123,BH5132-1-123,LB,LB,PY,PY,SI80,SI80,current,post_regen,T1-0-T2-0-F1-0-F2-0,T1-0-T2-0-F1-0-F2-0,0
2nd_Thin,BH5132-1-123,BH5132-1-123,LB,LB,PY,PY,SI80,SI80,current,current,T1-0-T2-0-F1-0-F2-0,T1-14-T2-21-F1-0-F2-0,-1
1st_Thin,BH5132-1-124,BH5132-1-124,LB,LB,PY,PY,SI75,SI75,current,current,T1-0-T2-0-F1-0-F2-0,T1-14-T2-0-F1-0-F2-0,-1
2nd_Thin,BH5132-1-124,BH5132-1-124,LB,LB,PY,PY,SI75,SI75,current,current,T1-0-T2-0-F1-0-F2-0,T1-14-T2-21-F1-0-F2-0,-1
Clearcut,BH5132-1-124,BH5132-1-124,LB,LB,PY,PY,SI75,SI75,current,post_regen,T1-0-T2-0-F1-0-F2-0,T1-0-T2-0-F1-0-F2-0,0
Site_Prep,BH5132-1-124,BH5132-1-124,LB,LB,PY,PY,SI75,SI75,current,current,T1-0-T2-0-F1-0-F2-0,T1-0-T2-0-F1-0-F2-0,-1
1st_Thin,BH5132-1-125,BH5132-1-125,LB,LB,PY,PY,SI85,SI85,current,current,T1-0-T2-0-F1-0-F2-0,T1-14-T2-0-F1-0-F2-0,-1
2nd_Thin,BH5132-1-125,BH5132-1-125,LB,LB,PY,PY,SI85,SI85,current,current,T1-0-T2-0-F1-0-F2-0,T1-14-T2-21-F1-0-F2-0,-1
Clearcut,BH5132-1-125,BH5132-1-125,LB,LB,PY,PY,SI85,SI85,current,post_regen,T1-0-T2-0-F1-0-F2-0,T1-0-T2-0-F1-0-F2-0,0
Site_Prep,BH5132-1-125,BH5132-1-125,LB,LB,PY,PY,SI85,SI85,current,current,T1-0-T2-0-F1-0-F2-0,T1-0-T2-0-F1-0-F2-0,-1
12.03% clearcut,BH5132-1-126,BH5132-1-126,PH,PH,NY,NY,SI60,SI60,current,current,T1-0-T2-0-F1-0-F2-0,T1-0-T2-0-F1-0-F2-0,-1
8.93% clearcut,BH5132-1-126,BH5132-1-126,PH,PH,NY,NY,SI60,SI60,current,current,T1-0-T2-0-F1-0-F2-0,T1-0-T2-0-F1-0-F2-0,-1
Clearcut,BH5132-1-126,BH5132-1-126,PH,LB,NY,NY,SI60,SI60,current,post_regen,T1-0-T2-0-F1-0-F2-0,T1-0-T2-0-F1-0-F2-0,0
Clearcut,BH5132-1-128,BH5132-1-128,LB,LB,PY,PY,SI90,SI90,current,post_regen,T1-15-T2-0-F1-0-F2-0,T1-0-T2-0-F1-0-F2-0,0
Site_Prep,BH5132-1-128,BH5132-1-128,LB,LB,PY,PY,SI90,SI90,current,current,T1-15-T2-0-F1-0-F2-0,T1-15-T2-0-F1-0-F2-0,-1
1st_Thin,BH5132-1-128,BH5132-1-128,LB,LB,PY,PY,SI90,SI90,current,current,T1-15-T2-0-F1-0-F2-0,T1-14-T2-0-F1-0-F2-0,-1
2nd_Thin,BH5132-1-128,BH5132-1-128,LB,LB,PY,PY,SI90,SI90,current,current,T1-15-T2-0-F1-0-F2-0,T1-14-T2-21-F1-0-F2-0,-1
Clearcut,BH5132-1-129,BH5132-1-129,LB,LB,PY,PY,SI90,SI90,current,post_regen,T1-0-T2-0-F1-0-F2-0,T1-0-T2-0-F1-0-F2-0,0
Site_Prep,BH5132-1-129,BH5132-1-129,LB,LB,PY,PY,SI90,SI90,current,current,T1-0-T2-0-F1-0-F2-0,T1-0-T2-0-F1-0-F2-0,-1
1st_Thin,BH5132-1-129,BH5132-1-129,LB,LB,PY,PY,SI90,SI90,current,current,T1-0-T2-0-F1-0-F2-0,T1-14-T2-0-F1-0-F2-0,-1
2nd_Thin,BH5132-1-129,BH5132-1-129,LB,LB,PY,PY,SI90,SI90,current,current,T1-0-T2-0-F1-0-F2-0,T1-14-T2-21-F1-0-F2-0,-1
1st_Thin,BH5132-1-340,BH5132-1-340,LB,LB,PY,PY,SI80,SI80,current,current,T1-0-T2-0-F1-0-F2-0,T1-14-T2-0-F1-0-F2-0,-1
2nd_Thin,BH5132-1-340,BH5132-1-340,LB,LB,PY,PY,SI80,SI80,current,current,T1-0-T2-0-F1-0-F2-0,T1-14-T2-20-F1-0-F2-0,-1
Clearcut,BH5132-1-340,BH5132-1-340,LB,LB,PY,PY,SI80,SI80,current,post_regen,T1-0-T2-0-F1-0-F2-0,T1-0-T2-0-F1-0-F2-0,0
Site_Prep,BH5132-1-340,BH5132-1-340,LB,LB,PY,PY,SI80,SI80,current,current,T1-0-T2-0-F1-0-F2-0,T1-0-T2-0-F1-0-F2-0,-1
Clearcut,BH5132-1-381,BH5132-1-381,LB,LB,PY,PY,SI90,SI90,current,post_regen,T1-15-T2-0-F1-0-F2-0,T1-0-T2-0-F1-0-F2-0,0
Site_Prep,BH5132-1-381,BH5132-1-381,LB,LB,PY,PY,SI90,SI90,current,current,T1-15-T2-0-F1-0-F2-0,T1-15-T2-0-F1-0-F2-0,-1
1st_Thin,BH5132-1-381,BH5132-1-381,LB,LB,PY,PY,SI90,SI90,current,current,T1-15-T2-0-F1-0-F2-0,T1-14-T2-0-F1-0-F2-0,-1
2nd_Thin,BH5132-1-381,BH5132-1-381,LB,LB,PY,PY,SI90,SI90,current,current,T1-15-T2-0-F1-0-F2-0,T1-14-T2-21-F1-0-F2-0,-1
1st_Thin,BH5135-1-130,BH5135-1-130,LB,LB,PY,PY,SI80,SI80,current,current,T1-0-T2-0-F1-0-F2-0,T1-14-T2-0-F1-0-F2-0,-1
Clearcut,BH5135-1-130,BH5135-1-130,LB,LB,PY,PY,SI80,SI80,current,post_regen,T1-0-T2-0-F1-0-F2-0,T1-0-T2-0-F1-0-F2-0,0
Site_Prep,BH5135-1-130,BH5135-1-130,LB,LB,PY,PY,SI80,SI80,current,current,T1-0-T2-0-F1-0-F2-0,T1-0-T2-0-F1-0-F2-0,-1
2nd_Thin,BH5135-1-130,BH5135-1-130,LB,LB,PY,PY,SI80,SI80,current,current,T1-0-T2-0-F1-0-F2-0,T1-14-T2-20-F1-0-F2-0,-1
1st_Thin,BH5135-1-131,BH5135-1-131,LB,LB,PY,PY,SI80,SI80,current,current,T1-0-T2-0-F1-0-F2-0,T1-14-T2-0-F1-0-F2-0,-1
Clearcut,BH5135-1-131,BH5135-1-131,LB,LB,PY,PY,SI80,SI80,current,post_regen,T1-0-T2-0-F1-0-F2-0,T1-0-T2-0-F1-0-F2-0,0
Site_Prep,BH5135-1-131,BH5135-1-131,LB,LB,PY,PY,SI80,SI80,current,current,T1-0-T2-0-F1-0-F2-0,T1-0-T2-0-F1-0-F2-0,-1
2nd_Thin,BH5135-1-131,BH5135-1-131,LB,LB,PY,PY,SI80,SI80,current,current,T1-0-T2-0-F1-0-F2-0,T1-14-T2-21-F1-0-F2-0,-1
1st_Thin,BH5135-1-133,BH5135-1-133,LB,LB,PY,PY,SI80,SI80,current,current,T1-0-T2-0-F1-0-F2-0,T1-14-T2-0-F1-0-F2-0,-1
Clearcut,BH5135-1-133,BH5135-1-133,LB,LB,PY,PY,SI80,SI80,current,post_regen,T1-0-T2-0-F1-0-F2-0,T1-0-T2-0-F1-0-F2-0,0
Site_Prep,BH5135-1-133,BH5135-1-133,LB,LB,PY,PY,SI80,SI80,current,current,T1-0-T2-0-F1-0-F2-0,T1-0-T2-0-F1-0-F2-0,-1
2nd_Thin,BH5135-1-133,BH5135-1-133,LB,LB,PY,PY,SI80,SI80,current,current,T1-0-T2-0-F1-0-F2-0,T1-14-T2-20-F1-0-F2-0,-1
1st_Thin,BH5135-1-135,BH5135-1-135,LB,LB,PY,PY,SI80,SI80,current,current,T1-0-T2-0-F1-0-F2-0,T1-14-T2-0-F1-0-F2-0,-1
Clearcut,BH5135-1-135,BH5135-1-135,LB,LB,PY,PY,SI80,SI80,current,post_regen,T1-0-T2-0-F1-0-F2-0,T1-0-T2-0-F1-0-F2-0,0
Site_Prep,BH5135-1-135,BH5135-1-135,LB,LB,PY,PY,SI80,SI80,current,current,T1-0-T2-0-F1-0-F2-0,T1-0-T2-0-F1-0-F2-0,-1
2nd_Thin,BH5135-1-135,BH5135-1-135,LB,LB,PY,PY,SI80,SI80,current,current,T1-0-T2-0-F1-0-F2-0,T1-14-T2-20-F1-0-F2-0,-1
1st_Thin,BH5135-1-137,BH5135-1-137,LB,LB,PY,PY,SI80,SI80,current,current,T1-0-T2-0-F1-0-F2-0,T1-14-T2-0-F1-0-F2-0,-1
2nd_Thin,BH5135-1-137,BH5135-1-137,LB,LB,PY,PY,SI80,SI80,current,current,T1-0-T2-0-F1-0-F2-0,T1-14-T2-20-F1-0-F2-0,-1
Clearcut,BH5135-1-137,BH5135-1-137,LB,LB,PY,PY,SI80,SI80,current,post_regen,T1-0-T2-0-F1-0-F2-0,T1-0-T2-0-F1-0-F2-0,0
Site_Prep,BH5135-1-137,BH5135-1-137,LB,LB,PY,PY,SI80,SI80,current,current,T1-0-T2-0-F1-0-F2-0,T1-0-T2-0-F1-0-F2-0,-1
1st_Thin,BH5136-1-138,BH5136-1-138,LB,LB,PY,PY,SI85,SI85,current,current,T1-0-T2-0-F1-0-F2-0,T1-18-T2-0-F1-0-F2-0,-1
Clearcut,BH5136-1-138,BH5136-1-138,LB,LB,PY,PY,SI85,SI85,current,post_regen,T1-0-T2-0-F1-0-F2-0,T1-0-T2-0-F1-0-F2-0,0
Site_Prep,BH5136-1-138,BH5136-1-138,LB,LB,PY,PY,SI85,SI85,current,current,T1-0-T2-0-F1-0-F2-0,T1-0-T2-0-F1-0-F2-0,-1
2nd_Thin,BH5136-1-138,BH5136-1-138,LB,LB,PY,PY,SI85,SI85,current,current,T1-0-T2-0-F1-0-F2-0,T1-14-T2-21-F1-0-F2-0,-1
1st_Thin,BH5136-1-139,BH5136-1-139,LB,LB,PY,PY,SI90,SI90,current,current,T1-0-T2-0-F1-0-F2-0,T1-14-T2-0-F1-0-F2-0,-1
2nd_Thin,BH5136-1-139,BH5136-1-139,LB,LB,PY,PY,SI90,SI90,current,current,T1-0-T2-0-F1-0-F2-0,T1-14-T2-21-F1-0-F2-0,-1
Clearcut,BH5136-1-139,BH5136-1-139,LB,LB,PY,PY,SI90,SI90,current,post_regen,T1-0-T2-0-F1-0-F2-0,T1-0-T2-0-F1-0-F2-0,0
Site_Prep,BH5136-1-139,BH5136-1-139,LB,LB,PY,PY,SI90,SI90,current,current,T1-0-T2-0-F1-0-F2-0,T1-0-T2-0-F1-0-F2-0,-1
Clearcut,BH5136-1-140,BH5136-1-140,LB,LB,PY,PY,SI80,SI80,current,post_regen,T1-14-T2-0-F1-17-F2-0,T1-0-T2-0-F1-0-F2-0,0
Site_Prep,BH5136-1-140,BH5136-1-140,LB,LB,PY,PY,SI80,SI80,current,current,T1-14-T2-0-F1-17-F2-0,T1-14-T2-0-F1-17-F2-0,-1
1st_Thin,BH5136-1-140,BH5136-1-140,LB,LB,PY,PY,SI80,SI80,current,current,T1-14-T2-0-F1-17-F2-0,T1-14-T2-0-F1-0-F2-0,-1
2nd_Thin,BH5136-1-140,BH5136-1-140,LB,LB,PY,PY,SI80,SI80,current,current,T1-14-T2-0-F1-17-F2-0,T1-14-T2-21-F1-0-F2-0,-1
1st_Thin,BH5136-1-396,BH5136-1-396,LB,LB,PY,PY,SI90,SI90,current,current,T1-0-T2-0-F1-0-F2-0,T1-14-T2-0-F1-0-F2-0,-1
2nd_Thin,BH5136-1-396,BH5136-1-396,LB,LB,PY,PY,SI90,SI90,current,current,T1-0-T2-0-F1-0-F2-0,T1-14-T2-21-F1-0-F2-0,-1
Clearcut,BH5136-1-396,BH5136-1-396,LB,LB,PY,PY,SI90,SI90,current,post_regen,T1-0-T2-0-F1-0-F2-0,T1-0-T2-0-F1-0-F2-0,0
Site_Prep,BH5136-1-396,BH5136-1-396,LB,LB,PY,PY,SI90,SI90,current,current,T1-0-T2-0-F1-0-F2-0,T1-0-T2-0-F1-0-F2-0,-1
1st_Thin,BH5140-1-143,BH5140-1-143,LB,LB,PY,PY,SI90,SI90,current,current,T1-0-T2-0-F1-0-F2-0,T1-17-T2-0-F1-0-F2-0,-1
Clearcut,BH5140-1-143,BH5140-1-143,LB,LB,PY,PY,SI90,SI90,current,post_regen,T1-0-T2-0-F1-0-F2-0,T1-0-T2-0-F1-0-F2-0,0
Site_Prep,BH5140-1-143,BH5140-1-143,LB,LB,PY,PY,SI90,SI90,current,current,T1-0-T2-0-F1-0-F2-0,T1-0-T2-0-F1-0-F2-0,-1
2nd_Thin,BH5140-1-143,BH5140-1-143,LB,LB,PY,PY,SI90,SI90,current,current,T1-0-T2-0-F1-0-F2-0,T1-14-T2-21-F1-0-F2-0,-1
1st_Thin,BH5140-1-145,BH5140-1-145,LB,LB,PY,PY,SI90,SI90,current,current,T1-0-T2-0-F1-0-F2-0,T1-17-T2-0-F1-0-F2-0,-1
Clearcut,BH5140-1-145,BH5140-1-145,LB,LB,PY,PY,SI90,SI90,current,post_regen,T1-0-T2-0-F1-0-F2-0,T1-0-T2-0-F1-0-F2-0,0
Site_Prep,BH5140-1-145,BH5140-1-145,LB,LB,PY,PY,SI90,SI90,current,current,T1-0-T2-0-F1-0-F2-0,T1-0-T2-0-F1-0-F2-0,-1
2nd_Thin,BH5140-1-145,BH5140-1-145,LB,LB,PY,PY,SI90,SI90,current,current,T1-0-T2-0-F1-0-F2-0,T1-14-T2-21-F1-0-F2-0,-1
1st_Thin,BH5140-1-146,BH5140-1-146,LB,LB,PY,PY,SI75,SI75,current,current,T1-0-T2-0-F1-0-F2-0,T1-14-T2-0-F1-0-F2-0,-1
Clearcut,BH5140-1-146,BH5140-1-146,LB,LB,PY,PY,SI75,SI75,current,post_regen,T1-0-T2-0-F1-0-F2-0,T1-0-T2-0-F1-0-F2-0,0
Site_Prep,BH5140-1-146,BH5140-1-146,LB,LB,PY,PY,SI75,SI75,current,current,T1-0-T2-0-F1-0-F2-0,T1-0-T2-0-F1-0-F2-0,-1
1st_Thin,BH5140-1-147,BH5140-1-147,LB,LB,PY,PY,SI80,SI80,current,current,T1-0-T2-0-F1-0-F2-0,T1-14-T2-0-F1-0-F2-0,-1
Clearcut,BH5140-1-147,BH5140-1-147,LB,LB,PY,PY,SI80,SI80,current,post_regen,T1-0-T2-0-F1-0-F2-0,T1-0-T2-0-F1-0-F2-0,0
Site_Prep,BH5140-1-147,BH5140-1-147,LB,LB,PY,PY,SI80,SI80,current,current,T1-0-T2-0-F1-0-F2-0,T1-0-T2-0-F1-0-F2-0,-1
2nd_Thin,BH5140-1-147,BH5140-1-147,LB,LB,PY,PY,SI80,SI80,current,current,T1-0-T2-0-F1-0-F2-0,T1-14-T2-20-F1-0-F2-0,-1
1st_Thin,BH5140-1-148,BH5140-1-148,LB,LB,PY,PY,SI90,SI90,current,current,T1-0-T2-0-F1-0-F2-0,T1-15-T2-0-F1-0-F2-0,-1
2nd_Thin,BH5140-1-148,BH5140-1-148,LB,LB,PY,PY,SI90,SI90,current,current,T1-0-T2-0-F1-0-F2-0,T1-15-T2-21-F1-16-F2-0,-1
Clearcut,BH5140-1-148,BH5140-1-148,LB,LB,PY,PY,SI90,SI90,current,post_regen,T1-0-T2-0-F1-0-F2-0,T1-0-T2-0-F1-0-F2-0,0
Site_Prep,BH5140-1-148,BH5140-1-148,LB,LB,PY,PY,SI90,SI90,current,current,T1-0-T2-0-F1-0-F2-0,T1-0-T2-0-F1-0-F2-0,-1
2nd_Thin,BH5145-1-151,BH5145-1-151,LB,LB,PY,PY,SI90,SI90,current,current,T1-13-T2-0-F1-0-F2-0,T1-13-T2-21-F1-0-F2-0,-1
Clearcut,BH5145-1-151,BH5145-1-151,LB,LB,PY,PY,SI90,SI90,current,post_regen,T1-13-T2-0-F1-0-F2-0,T1-0-T2-0-F1-0-F2-0,0
Site_Prep,BH5145-1-151,BH5145-1-151,LB,LB,PY,PY,SI90,SI90,current,current,T1-13-T2-0-F1-0-F2-0,T1-13-T2-0-F1-0-F2-0,-1
1st_Thin,BH5145-1-151,BH5145-1-151,LB,LB,PY,PY,SI90,SI90,current,current,T1-13-T2-0-F1-0-F2-0,T1-14-T2-0-F1-0-F2-0,-1
2nd_Thin,BH5145-1-153,BH5145-1-153,LB,LB,PY,PY,SI90,SI90,current,current,T1-13-T2-0-F1-0-F2-0,T1-13-T2-21-F1-0-F2-0,-1
Clearcut,BH5145-1-153,BH5145-1-153,LB,LB,PY,PY,SI90,SI90,current,post_regen,T1-13-T2-0-F1-0-F2-0,T1-0-T2-0-F1-0-F2-0,0
Site_Prep,BH5145-1-153,BH5145-1-153,LB,LB,PY,PY,SI90,SI90,current,current,T1-13-T2-0-F1-0-F2-0,T1-13-T2-0-F1-0-F2-0,-1
1st_Thin,BH5145-1-153,BH5145-1-153,LB,LB,PY,PY,SI90,SI90,current,current,T1-13-T2-0-F1-0-F2-0,T1-14-T2-0-F1-0-F2-0,-1
1st_Thin,BH5145-1-341,BH5145-1-341,LB,LB,PY,PY,SI85,SI85,current,current,T1-0-T2-0-F1-0-F2-0,T1-14-T2-0-F1-0-F2-0,-1
2nd_Thin,BH5145-1-341,BH5145-1-341,LB,LB,PY,PY,SI85,SI85,current,current,T1-0-T2-0-F1-0-F2-0,T1-14-T2-20-F1-0-F2-0,-1
Clearcut,BH5145-1-341,BH5145-1-341,LB,LB,PY,PY,SI85,SI85,current,post_regen,T1-0-T2-0-F1-0-F2-0,T1-0-T2-0-F1-0-F2-0,0
Site_Prep,BH5145-1-341,BH5145-1-341,LB,LB,PY,PY,SI85,SI85,current,current,T1-0-T2-0-F1-0-F2-0,T1-0-T2-0-F1-0-F2-0,-1
Clearcut,BH5145-1-379,BH5145-1-379,LB,LB,PY,PY,SI80,SI80,current,post_regen,T1-13-T2-0-F1-0-F2-0,T1-0-T2-0-F1-0-F2-0,0
Site_Prep,BH5145-1-379,BH5145-1-379,LB,LB,PY,PY,SI80,SI80,current,current,T1-13-T2-0-F1-0-F2-0,T1-13-T2-0-F1-0-F2-0,-1
1st_Thin,BH5145-1-379,BH5145-1-379,LB,LB,PY,PY,SI80,SI80,current,current,T1-13-T2-0-F1-0-F2-0,T1-14-T2-0-F1-0-F2-0,-1
2nd_Thin,BH5145-1-379,BH5145-1-379,LB,LB,PY,PY,SI80,SI80,current,current,T1-13-T2-0-F1-0-F2-0,T1-14-T2-21-F1-0-F2-0,-1
Clearcut,BH5145-1-380,BH5145-1-380,LB,LB,PY,PY,SI90,SI90,current,post_regen,T1-13-T2-0-F1-0-F2-0,T1-0-T2-0-F1-0-F2-0,0
Site_Prep,BH5145-1-380,BH5145-1-380,LB,LB,PY,PY,SI90,SI90,current,current,T1-13-T2-0-F1-0-F2-0,T1-13-T2-0-F1-0-F2-0,-1
1st_Thin,BH5145-1-380,BH5145-1-380,LB,LB,PY,PY,SI90,SI90,current,current,T1-13-T2-0-F1-0-F2-0,T1-14-T2-0-F1-0-F2-0,-1
2nd_Thin,BH5145-1-380,BH5145-1-380,LB,LB,PY,PY,SI90,SI90,current,current,T1-13-T2-0-F1-0-F2-0,T1-14-T2-21-F1-0-F2-0,-1
1st_Thin,BH5149-1-157,BH5149-1-157,LB,LB,PY,PY,SI80,SI80,current,current,T1-0-T2-0-F1-0-F2-0,T1-16-T2-0-F1-0-F2-0,-1
2nd_Thin,BH5149-1-157,BH5149-1-157,LB,LB,PY,PY,SI80,SI80,current,current,T1-0-T2-0-F1-0-F2-0,T1-16-T2-21-F1-17-F2-0,-1
Clearcut,BH5149-1-157,BH5149-1-157,LB,LB,PY,PY,SI80,SI80,current,post_regen,T1-0-T2-0-F1-0-F2-0,T1-0-T2-0-F1-0-F2-0,0
Site_Prep,BH5149-1-157,BH5149-1-157,LB,LB,PY,PY,SI80,SI80,current,current,T1-0-T2-0-F1-0-F2-0,T1-0-T2-0-F1-0-F2-0,-1
1st_Thin,BH5149-1-161,BH5149-1-161,LB,LB,PY,PY,SI60,SI60,current,current,T1-0-T2-0-F1-0-F2-0,T1-16-T2-0-F1-0-F2-0,-1
Clearcut,BH5149-1-161,BH5149-1-161,LB,LB,PY,PY,SI60,SI60,current,post_regen,T1-0-T2-0-F1-0-F2-0,T1-0-T2-0-F1-0-F2-0,0
Site_Prep,BH5149-1-161,BH5149-1-161,LB,LB,PY,PY,SI60,SI60,current,current,T1-0-T2-0-F1-0-F2-0,T1-0-T2-0-F1-0-F2-0,-1
20.28% clearcut,BH5149-1-162,BH5149-1-162,PH,PH,NN,NN,SI55,SI55,current,current,T1-0-T2-0-F1-0-F2-0,T1-0-T2-0-F1-0-F2-0,-1
5.35% clearcut,BH5149-1-162,BH5149-1-162,PH,PH,NN,NN,SI55,SI55,current,current,T1-0-T2-0-F1-0-F2-0,T1-0-T2-0-F1-0-F2-0,-1
29.98% clearcut,BH5149-1-162,BH5149-1-162,PH,PH,NN,NN,SI55,SI55,current,current,T1-0-T2-0-F1-0-F2-0,T1-0-T2-0-F1-0-F2-0,-1
Clearcut,BH5149-1-162,BH5149-1-162,PH,LB,NN,NN,SI55,SI55,current,post_regen,T1-0-T2-0-F1-0-F2-0,T1-0-T2-0-F1-0-F2-0,0
Clearcut,BH5186-1-174,BH5186-1-174,LB,LB,PY,PY,SI90,SI90,current,post_regen,T1-0-T2-0-F1-0-F2-0,T1-0-T2-0-F1-0-F2-0,0
Site_Prep,BH5186-1-174,BH5186-1-174,LB,LB,PY,PY,SI90,SI90,current,current,T1-0-T2-0-F1-0-F2-0,T1-0-T2-0-F1-0-F2-0,-1
1st_Thin,BH5186-1-174,BH5186-1-174,LB,LB,PY,PY,SI90,SI90,current,current,T1-0-T2-0-F1-0-F2-0,T1-14-T2-0-F1-0-F2-0,-1
2nd_Thin,BH5186-1-174,BH5186-1-174,LB,LB,PY,PY,SI90,SI90,current,current,T1-0-T2-0-F1-0-F2-0,T1-14-T2-21-F1-0-F2-0,-1
Clearcut,BH5186-1-175,BH5186-1-175,LB,LB,PY,PY,SI75,SI75,current,post_regen,T1-0-T2-0-F1-0-F2-0,T1-0-T2-0-F1-0-F2-0,0
Site_Prep,BH5186-1-175,BH5186-1-175,LB,LB,PY,PY,SI75,SI75,current,current,T1-0-T2-0-F1-0-F2-0,T1-0-T2-0-F1-0-F2-0,-1
1st_Thin,BH5186-1-175,BH5186-1-175,LB,LB,PY,PY,SI75,SI75,current,current,T1-0-T2-0-F1-0-F2-0,T1-14-T2-0-F1-0-F2-0,-1
1st_Thin,BH5186-1-177,BH5186-1-177,LB,LB,PY,PY,SI80,SI80,current,current,T1-0-T2-0-F1-0-F2-0,T1-14-T2-0-F1-0-F2-0,-1
2nd_Thin,BH5186-1-177,BH5186-1-177,LB,LB,PY,PY,SI80,SI80,current,current,T1-0-T2-0-F1-0-F2-0,T1-14-T2-21-F1-0-F2-0,-1
Clearcut,BH5186-1-177,BH5186-1-177,LB,LB,PY,PY,SI80,SI80,current,post_regen,T1-0-T2-0-F1-0-F2-0,T1-0-T2-0-F1-0-F2-0,0
Site_Prep,BH5186-1-177,BH5186-1-177,LB,LB,PY,PY,SI80,SI80,current,current,T1-0-T2-0-F1-0-F2-0,T1-0-T2-0-F1-0-F2-0,-1
32.31% clearcut,BH5186-1-179,BH5186-1-179,PH,PH,NN,NN,SI100,SI100,current,current,T1-0-T2-0-F1-0-F2-0,T1-0-T2-0-F1-0-F2-0,-1
Clearcut,BH5186-1-179,BH5186-1-179,PH,LB,NN,NN,SI100,SI100,current,post_regen,T1-0-T2-0-F1-0-F2-0,T1-0-T2-0-F1-0-F2-0,0
25.09% clearcut,BH5186-1-179,BH5186-1-179,PH,PH,NN,NN,SI100,SI100,current,current,T1-0-T2-0-F1-0-F2-0,T1-0-T2-0-F1-0-F2-0,-1
1st_Thin,BH5186-1-180,BH5186-1-180,LB,LB,PY,PY,SI80,SI80,current,current,T1-0-T2-0-F1-0-F2-0,T1-14-T2-0-F1-0-F2-0,-1
2nd_Thin,BH5186-1-180,BH5186-1-180,LB,LB,PY,PY,SI80,SI80,current,current,T1-0-T2-0-F1-0-F2-0,T1-14-T2-21-F1-0-F2-0,-1
Clearcut,BH5186-1-180,BH5186-1-180,LB,LB,PY,PY,SI80,SI80,current,post_regen,T1-0-T2-0-F1-0-F2-0,T1-0-T2-0-F1-0-F2-0,0
Site_Prep,BH5186-1-180,BH5186-1-180,LB,LB,PY,PY,SI80,SI80,current,current,T1-0-T2-0-F1-0-F2-0,T1-0-T2-0-F1-0-F2-0,-1
1st_Thin,BH5186-1-181,BH5186-1-181,LB,LB,PY,PY,SI85,SI85,current,current,T1-0-T2-0-F1-0-F2-0,T1-14-T2-0-F1-0-F2-0,-1
2nd_Thin,BH5186-1-181,BH5186-1-181,LB,LB,PY,PY,SI85,SI85,current,current,T1-0-T2-0-F1-0-F2-0,T1-14-T2-20-F1-0-F2-0,-1
Clearcut,BH5186-1-181,BH5186-1-181,LB,LB,PY,PY,SI85,SI85,current,post_regen,T1-0-T2-0-F1-0-F2-0,T1-0-T2-0-F1-0-F2-0,0
Site_Prep,BH5186-1-181,BH5186-1-181,LB,LB,PY,PY,SI85,SI85,current,current,T1-0-T2-0-F1-0-F2-0,T1-0-T2-0-F1-0-F2-0,-1
1st_Thin,BH5186-1-182,BH5186-1-182,LB,LB,PY,PY,SI80,SI80,current,current,T1-0-T2-0-F1-0-F2-0,T1-14-T2-0-F1-0-F2-0,-1
2nd_Thin,BH5186-1-182,BH5186-1-182,LB,LB,PY,PY,SI80,SI80,current,current,T1-0-T2-0-F1-0-F2-0,T1-14-T2-21-F1-0-F2-0,-1
Clearcut,BH5186-1-182,BH5186-1-182,LB,LB,PY,PY,SI80,SI80,current,post_regen,T1-0-T2-0-F1-0-F2-0,T1-0-T2-0-F1-0-F2-0,0
Site_Prep,BH5186-1-182,BH5186-1-182,LB,LB,PY,PY,SI80,SI80,current,current,T1-0-T2-0-F1-0-F2-0,T1-0-T2-0-F1-0-F2-0,-1
1st_Thin,BH5186-1-184,BH5186-1-184,LB,LB,PY,PY,SI85,SI85,current,current,T1-0-T2-0-F1-0-F2-0,T1-14-T2-0-F1-0-F2-0,-1
2nd_Thin,BH5186-1-184,BH5186-1-184,LB,LB,PY,PY,SI85,SI85,current,current,T1-0-T2-0-F1-0-F2-0,T1-14-T2-20-F1-0-F2-0,-1
Clearcut,BH5186-1-184,BH5186-1-184,LB,LB,PY,PY,SI85,SI85,current,post_regen,T1-0-T2-0-F1-0-F2-0,T1-0-T2-0-F1-0-F2-0,0
Site_Prep,BH5186-1-184,BH5186-1-184,LB,LB,PY,PY,SI85,SI85,current,current,T1-0-T2-0-F1-0-F2-0,T1-0-T2-0-F1-0-F2-0,-1
1st_Thin,BH5186-1-185,BH5186-1-185,LB,LB,PY,PY,SI85,SI85,current,current,T1-0-T2-0-F1-0-F2-0,T1-14-T2-0-F1-0-F2-0,-1
2nd_Thin,BH5186-1-185,BH5186-1-185,LB,LB,PY,PY,SI85,SI85,current,current,T1-0-T2-0-F1-0-F2-0,T1-14-T2-20-F1-0-F2-0,-1
Clearcut,BH5186-1-185,BH5186-1-185,LB,LB,PY,PY,SI85,SI85,current,post_regen,T1-0-T2-0-F1-0-F2-0,T1-0-T2-0-F1-0-F2-0,0
Site_Prep,BH5186-1-185,BH5186-1-185,LB,LB,PY,PY,SI85,SI85,current,current,T1-0-T2-0-F1-0-F2-0,T1-0-T2-0-F1-0-F2-0,-1
1st_Thin,BH5186-1-186,BH5186-1-186,LB,LB,PY,PY,SI85,SI85,current,current,T1-0-T2-0-F1-0-F2-0,T1-14-T2-0-F1-0-F2-0,-1
2nd_Thin,BH5186-1-186,BH5186-1-186,LB,LB,PY,PY,SI85,SI85,current,current,T1-0-T2-0-F1-0-F2-0,T1-14-T2-20-F1-0-F2-0,-1
Clearcut,BH5186-1-186,BH5186-1-186,LB,LB,PY,PY,SI85,SI85,current,post_regen,T1-0-T2-0-F1-0-F2-0,T1-0-T2-0-F1-0-F2-0,0
Site_Prep,BH5186-1-186,BH5186-1-186,LB,LB,PY,PY,SI85,SI85,current,current,T1-0-T2-0-F1-0-F2-0,T1-0-T2-0-F1-0-F2-0,-1
1st_Thin,BH5186-1-187,BH5186-1-187,LB,LB,PY,PY,SI85,SI85,current,current,T1-0-T2-0-F1-0-F2-0,T1-14-T2-0-F1-0-F2-0,-1
2nd_Thin,BH5186-1-187,BH5186-1-187,LB,LB,PY,PY,SI85,SI85,current,current,T1-0-T2-0-F1-0-F2-0,T1-14-T2-20-F1-0-F2-0,-1
Clearcut,BH5186-1-187,BH5186-1-187,LB,LB,PY,PY,SI85,SI85,current,post_regen,T1-0-T2-0-F1-0-F2-0,T1-0-T2-0-F1-0-F2-0,0
Site_Prep,BH5186-1-187,BH5186-1-187,LB,LB,PY,PY,SI85,SI85,current,current,T1-0-T2-0-F1-0-F2-0,T1-0-T2-0-F1-0-F2-0,-1
Site_Prep,BH5186-1-397,BH5186-1-397,COLL,COLL,OY,OY,SI90,SI90,current,current,T1-0-T2-0-F1-0-F2-0,T1-0-T2-0-F1-0-F2-0,-1
1st_Thin,BH5186-1-397,BH5186-1-397,COLL,COLL,OY,OY,SI90,SI90,current,current,T1-0-T2-0-F1-0-F2-0,T1-14-T2-0-F1-0-F2-0,-1
2nd_Thin,BH5186-1-397,BH5186-1-397,COLL,COLL,OY,OY,SI90,SI90,current,current,T1-0-T2-0-F1-0-F2-0,T1-14-T2-19-F1-0-F2-0,-1
Clearcut,BH5186-1-397,BH5186-1-397,COLL,LL,OY,OY,SI90,SI90,current,post_regen,T1-0-T2-0-F1-0-F2-0,T1-0-T2-0-F1-0-F2-0,0
Clearcut,BH5222-1-188,BH5222-1-188,LB,LB,PY,PY,SI85,SI85,current,post_regen,T1-15-T2-0-F1-0-F2-0,T1-0-T2-0-F1-0-F2-0,0
Site_Prep,BH5222-1-188,BH5222-1-188,LB,LB,PY,PY,SI85,SI85,current,current,T1-15-T2-0-F1-0-F2-0,T1-15-T2-0-F1-0-F2-0,-1
1st_Thin,BH5222-1-188,BH5222-1-188,LB,LB,PY,PY,SI85,SI85,current,current,T1-15-T2-0-F1-0-F2-0,T1-14-T2-0-F1-0-F2-0,-1
2nd_Thin,BH5222-1-188,BH5222-1-188,LB,LB,PY,PY,SI85,SI85,current,current,T1-15-T2-0-F1-0-F2-0,T1-14-T2-21-F1-0-F2-0,-1
2nd_Thin,BH5222-1-190,BH5222-1-190,LB,LB,PY,PY,SI85,SI85,current,current,T1-15-T2-0-F1-0-F2-0,T1-15-T2-21-F1-0-F2-0,-1
Clearcut,BH5222-1-190,BH5222-1-190,LB,LB,PY,PY,SI85,SI85,current,post_regen,T1-15-T2-0-F1-0-F2-0,T1-0-T2-0-F1-0-F2-0,0
Site_Prep,BH5222-1-190,BH5222-1-190,LB,LB,PY,PY,SI85,SI85,current,current,T1-15-T2-0-F1-0-F2-0,T1-15-T2-0-F1-0-F2-0,-1
1st_Thin,BH5222-1-190,BH5222-1-190,LB,LB,PY,PY,SI85,SI85,current,current,T1-15-T2-0-F1-0-F2-0,T1-14-T2-0-F1-0-F2-0,-1
Clearcut,BH5222-1-378,BH5222-1-378,LB,LB,PY,PY,SI75,SI75,current,post_regen,T1-15-T2-0-F1-0-F2-0,T1-0-T2-0-F1-0-F2-0,0
Site_Prep,BH5222-1-378,BH5222-1-378,LB,LB,PY,PY,SI75,SI75,current,current,T1-15-T2-0-F1-0-F2-0,T1-15-T2-0-F1-0-F2-0,-1
1st_Thin,BH5222-1-378,BH5222-1-378,LB,LB,PY,PY,SI75,SI75,current,current,T1-15-T2-0-F1-0-F2-0,T1-14-T2-0-F1-0-F2-0,-1
2nd_Thin,BH5222-1-378,BH5222-1-378,LB,LB,PY,PY,SI75,SI75,current,current,T1-15-T2-0-F1-0-F2-0,T1-14-T2-21-F1-0-F2-0,-1
Clearcut,BH5591-1-192,BH5591-1-192,LB,LB,PY,PY,SI85,SI85,current,post_regen,T1-15-T2-0-F1-0-F2-0,T1-0-T2-0-F1-0-F2-0,0
Site_Prep,BH5591-1-192,BH5591-1-192,LB,LB,PY,PY,SI85,SI85,current,current,T1-15-T2-0-F1-0-F2-0,T1-15-T2-0-F1-0-F2-0,-1
1st_Thin,BH5591-1-192,BH5591-1-192,LB,LB,PY,PY,SI85,SI85,current,current,T1-15-T2-0-F1-0-F2-0,T1-14-T2-0-F1-0-F2-0,-1
2nd_Thin,BH5591-1-192,BH5591-1-192,LB,LB,PY,PY,SI85,SI85,current,current,T1-15-T2-0-F1-0-F2-0,T1-14-T2-21-F1-0-F2-0,-1
1st_Thin,BH5660-1-164,BH5660-1-164,LB,LB,PY,PY,SI65,SI65,current,current,T1-0-T2-0-F1-0-F2-0,T1-14-T2-0-F1-0-F2-0,-1
2nd_Thin,BH5660-1-164,BH5660-1-164,LB,LB,PY,PY,SI65,SI65,current,current,T1-0-T2-0-F1-0-F2-0,T1-14-T2-20-F1-0-F2-0,-1
Clearcut,BH5660-1-164,BH5660-1-164,LB,LB,PY,PY,SI65,SI65,current,post_regen,T1-0-T2-0-F1-0-F2-0,T1-0-T2-0-F1-0-F2-0,0
Site_Prep,BH5660-1-164,BH5660-1-164,LB,LB,PY,PY,SI65,SI65,current,current,T1-0-T2-0-F1-0-F2-0,T1-0-T2-0-F1-0-F2-0,-1
2nd_Thin,BH5660-1-166,BH5660-1-166,LB,LB,PY,PY,SI90,SI90,current,current,T1-12-T2-0-F1-0-F2-0,T1-12-T2-20-F1-0-F2-0,-1
Clearcut,BH5660-1-166,BH5660-1-166,LB,LB,PY,PY,SI90,SI90,current,post_regen,T1-12-T2-0-F1-0-F2-0,T1-0-T2-0-F1-0-F2-0,0
Site_Prep,BH5660-1-166,BH5660-1-166,LB,LB,PY,PY,SI90,SI90,current,current,T1-12-T2-0-F1-0-F2-0,T1-12-T2-0-F1-0-F2-0,-1
1st_Thin,BH5660-1-166,BH5660-1-166,LB,LB,PY,PY,SI90,SI90,current,current,T1-12-T2-0-F1-0-F2-0,T1-14-T2-0-F1-0-F2-0,-1
2nd_Thin,BH5660-1-168,BH5660-1-168,LB,LB,PY,PY,SI90,SI90,current,current,T1-12-T2-0-F1-0-F2-0,T1-12-T2-20-F1-0-F2-0,-1
Clearcut,BH5660-1-168,BH5660-1-168,LB,LB,PY,PY,SI90,SI90,current,post_regen,T1-12-T2-0-F1-0-F2-0,T1-0-T2-0-F1-0-F2-0,0
Site_Prep,BH5660-1-168,BH5660-1-168,LB,LB,PY,PY,SI90,SI90,current,current,T1-12-T2-0-F1-0-F2-0,T1-12-T2-0-F1-0-F2-0,-1
1st_Thin,BH5660-1-168,BH5660-1-168,LB,LB,PY,PY,SI90,SI90,current,current,T1-12-T2-0-F1-0-F2-0,T1-14-T2-0-F1-0-F2-0,-1
Clearcut,BH5660-1-169,BH5660-1-169,LB,LB,PY,PY,SI80,SI80,current,post_regen,T1-0-T2-0-F1-0-F2-0,T1-0-T2-0-F1-0-F2-0,0
Site_Prep,BH5660-1-169,BH5660-1-169,LB,LB,PY,PY,SI80,SI80,current,current,T1-0-T2-0-F1-0-F2-0,T1-0-T2-0-F1-0-F2-0,-1
1st_Thin,BH5660-1-169,BH5660-1-169,LB,LB,PY,PY,SI80,SI80,current,current,T1-0-T2-0-F1-0-F2-0,T1-14-T2-0-F1-0-F2-0,-1
2nd_Thin,BH5660-1-169,BH5660-1-169,LB,LB,PY,PY,SI80,SI80,current,current,T1-0-T2-0-F1-0-F2-0,T1-14-T2-20-F1-0-F2-0,-1
2nd_Thin,BH5660-1-170,BH5660-1-170,LB,LB,PY,PY,SI90,SI90,current,current,T1-12-T2-0-F1-0-F2-0,T1-12-T2-20-F1-0-F2-0,-1
Clearcut,BH5660-1-170,BH5660-1-170,LB,LB,PY,PY,SI90,SI90,current,post_regen,T1-12-T2-0-F1-0-F2-0,T1-0-T2-0-F1-0-F2-0,0
Site_Prep,BH5660-1-170,BH5660-1-170,LB,LB,PY,PY,SI90,SI90,current,current,T1-12-T2-0-F1-0-F2-0,T1-12-T2-0-F1-0-F2-0,-1
1st_Thin,BH5660-1-170,BH5660-1-170,LB,LB,PY,PY,SI90,SI90,current,current,T1-12-T2-0-F1-0-F2-0,T1-14-T2-0-F1-0-F2-0,-1
1st_Thin,BH5660-1-171,BH5660-1-171,LB,LB,PY,PY,SI90,SI90,current,current,T1-0-T2-0-F1-0-F2-0,T1-15-T2-0-F1-0-F2-0,-1
2nd_Thin,BH5660-1-171,BH5660-1-171,LB,LB,PY,PY,SI90,SI90,current,current,T1-0-T2-0-F1-0-F2-0,T1-15-T2-21-F1-16-F2-0,-1
Clearcut,BH5660-1-171,BH5660-1-171,LB,LB,PY,PY,SI90,SI90,current,post_regen,T1-0-T2-0-F1-0-F2-0,T1-0-T2-0-F1-0-F2-0,0
Site_Prep,BH5660-1-171,BH5660-1-171,LB,LB,PY,PY,SI90,SI90,current,current,T1-0-T2-0-F1-0-F2-0,T1-0-T2-0-F1-0-F2-0,-1
2nd_Thin,BH5660-1-173,BH5660-1-173,LB,LB,PY,PY,SI90,SI90,current,current,T1-12-T2-0-F1-0-F2-0,T1-12-T2-20-F1-0-F2-0,-1
Clearcut,BH5660-1-173,BH5660-1-173,LB,LB,PY,PY,SI90,SI90,current,post_regen,T1-12-T2-0-F1-0-F2-0,T1-0-T2-0-F1-0-F2-0,0
Site_Prep,BH5660-1-173,BH5660-1-173,LB,LB,PY,PY,SI90,SI90,current,current,T1-12-T2-0-F1-0-F2-0,T1-12-T2-0-F1-0-F2-0,-1
1st_Thin,BH5660-1-173,BH5660-1-173,LB,LB,PY,PY,SI90,SI90,current,current,T1-12-T2-0-F1-0-F2-0,T1-14-T2-0-F1-0-F2-0,-1
1st_Thin,BH5660-1-193,BH5660-1-193,LB,LB,PY,PY,SI65,SI65,current,current,T1-0-T2-0-F1-0-F2-0,T1-14-T2-0-F1-0-F2-0,-1
2nd_Thin,BH5660-1-193,BH5660-1-193,LB,LB,PY,PY,SI65,SI65,current,current,T1-0-T2-0-F1-0-F2-0,T1-14-T2-20-F1-0-F2-0,-1
Clearcut,BH5660-1-193,BH5660-1-193,LB,LB,PY,PY,SI65,SI65,current,post_regen,T1-0-T2-0-F1-0-F2-0,T1-0-T2-0-F1-0-F2-0,0
Site_Prep,BH5660-1-193,BH5660-1-193,LB,LB,PY,PY,SI65,SI65,current,current,T1-0-T2-0-F1-0-F2-0,T1-0-T2-0-F1-0-F2-0,-1
1st_Thin,BH5660-1-194,BH5660-1-194,LB,LB,PY,PY,SI65,SI65,current,current,T1-0-T2-0-F1-0-F2-0,T1-14-T2-0-F1-0-F2-0,-1
2nd_Thin,BH5660-1-194,BH5660-1-194,LB,LB,PY,PY,SI65,SI65,current,current,T1-0-T2-0-F1-0-F2-0,T1-14-T2-20-F1-0-F2-0,-1
Clearcut,BH5660-1-194,BH5660-1-194,LB,LB,PY,PY,SI65,SI65,current,post_regen,T1-0-T2-0-F1-0-F2-0,T1-0-T2-0-F1-0-F2-0,0
Site_Prep,BH5660-1-194,BH5660-1-194,LB,LB,PY,PY,SI65,SI65,current,current,T1-0-T2-0-F1-0-F2-0,T1-0-T2-0-F1-0-F2-0,-1
Clearcut,BH5660-1-196,BH5660-1-196,PH,LB,NN,NN,SI65,SI65,current,post_regen,T1-0-T2-0-F1-0-F2-0,T1-0-T2-0-F1-0-F2-0,0
Clearcut,BH5660-1-198,BH5660-1-198,LB,LB,PY,PY,SI90,SI90,current,post_regen,T1-12-T2-0-F1-0-F2-0,T1-0-T2-0-F1-0-F2-0,0
Site_Prep,BH5660-1-198,BH5660-1-198,LB,LB,PY,PY,SI90,SI90,current,current,T1-12-T2-0-F1-0-F2-0,T1-12-T2-0-F1-0-F2-0,-1
1st_Thin,BH5660-1-198,BH5660-1-198,LB,LB,PY,PY,SI90,SI90,current,current,T1-12-T2-0-F1-0-F2-0,T1-14-T2-0-F1-0-F2-0,-1
2nd_Thin,BH5660-1-198,BH5660-1-198,LB,LB,PY,PY,SI90,SI90,current,current,T1-12-T2-0-F1-0-F2-0,T1-14-T2-21-F1-0-F2-0,-1
Clearcut,BH5660-1-199,BH5660-1-199,LB,LB,PY,PY,SI90,SI90,current,post_regen,T1-12-T2-0-F1-0-F2-0,T1-0-T2-0-F1-0-F2-0,0
Site_Prep,BH5660-1-199,BH5660-1-199,LB,LB,PY,PY,SI90,SI90,current,current,T1-12-T2-0-F1-0-F2-0,T1-12-T2-0-F1-0-F2-0,-1
1st_Thin,BH5660-1-199,BH5660-1-199,LB,LB,PY,PY,SI90,SI90,current,current,T1-12-T2-0-F1-0-F2-0,T1-14-T2-0-F1-0-F2-0,-1
2nd_Thin,BH5660-1-199,BH5660-1-199,LB,LB,PY,PY,SI90,SI90,current,current,T1-12-T2-0-F1-0-F2-0,T1-14-T2-21-F1-0-F2-0,-1
Clearcut,BH5660-1-201,BH5660-1-201,LB,LB,PY,PY,SI85,SI85,current,post_regen,T1-12-T2-0-F1-0-F2-0,T1-0-T2-0-F1-0-F2-0,0
Site_Prep,BH5660-1-201,BH5660-1-201,LB,LB,PY,PY,SI85,SI85,current,current,T1-12-T2-0-F1-0-F2-0,T1-12-T2-0-F1-0-F2-0,-1
1st_Thin,BH5660-1-201,BH5660-1-201,LB,LB,PY,PY,SI85,SI85,current,current,T1-12-T2-0-F1-0-F2-0,T1-14-T2-0-F1-0-F2-0,-1
2nd_Thin,BH5660-1-201,BH5660-1-201,LB,LB,PY,PY,SI85,SI85,current,current,T1-12-T2-0-F1-0-F2-0,T1-14-T2-21-F1-0-F2-0,-1
Clearcut,BH6112-1-202,BH6112-1-202,LB,LB,PY,PY,SI70,SI70,current,post_regen,T1-12-T2-0-F1-0-F2-0,T1-0-T2-0-F1-0-F2-0,0
Site_Prep,BH6112-1-202,BH6112-1-202,LB,LB,PY,PY,SI70,SI70,current,current,T1-12-T2-0-F1-0-F2-0,T1-12-T2-0-F1-0-F2-0,-1
1st_Thin,BH6112-1-202,BH6112-1-202,LB,LB,PY,PY,SI70,SI70,current,current,T1-12-T2-0-F1-0-F2-0,T1-14-T2-0-F1-0-F2-0,-1
1st_Thin,BH6112-1-206,BH6112-1-206,LB,LB,PY,PY,SI75,SI75,current,current,T1-0-T2-0-F1-0-F2-0,T1-14-T2-0-F1-0-F2-0,-1
2nd_Thin,BH6112-1-206,BH6112-1-206,LB,LB,PY,PY,SI75,SI75,current,current,T1-0-T2-0-F1-0-F2-0,T1-14-T2-20-F1-0-F2-0,-1
Clearcut,BH6112-1-206,BH6112-1-206,LB,LB,PY,PY,SI75,SI75,current,post_regen,T1-0-T2-0-F1-0-F2-0,T1-0-T2-0-F1-0-F2-0,0
Site_Prep,BH6112-1-206,BH6112-1-206,LB,LB,PY,PY,SI75,SI75,current,current,T1-0-T2-0-F1-0-F2-0,T1-0-T2-0-F1-0-F2-0,-1
2nd_Thin,BH6112-1-207,BH6112-1-207,LB,LB,PY,PY,SI80,SI80,current,current,T1-10-T2-0-F1-10-F2-0,T1-10-T2-20-F1-10-F2-0,-1
Clearcut,BH6112-1-207,BH6112-1-207,LB,LB,PY,PY,SI80,SI80,current,post_regen,T1-10-T2-0-F1-10-F2-0,T1-0-T2-0-F1-0-F2-0,0
Site_Prep,BH6112-1-207,BH6112-1-207,LB,LB,PY,PY,SI80,SI80,current,current,T1-10-T2-0-F1-10-F2-0,T1-10-T2-0-F1-10-F2-0,-1
1st_Thin,BH6112-1-207,BH6112-1-207,LB,LB,PY,PY,SI80,SI80,current,current,T1-10-T2-0-F1-10-F2-0,T1-14-T2-0-F1-0-F2-0,-1
Clearcut,BH6112-1-210,BH6112-1-210,LB,LB,PY,PY,SI85,SI85,current,post_regen,T1-19-T2-0-F1-0-F2-0,T1-0-T2-0-F1-0-F2-0,0
Site_Prep,BH6112-1-210,BH6112-1-210,LB,LB,PY,PY,SI85,SI85,current,current,T1-19-T2-0-F1-0-F2-0,T1-19-T2-0-F1-0-F2-0,-1
1st_Thin,BH6112-1-210,BH6112-1-210,LB,LB,PY,PY,SI85,SI85,current,current,T1-19-T2-0-F1-0-F2-0,T1-14-T2-0-F1-0-F2-0,-1
2nd_Thin,BH6112-1-210,BH6112-1-210,LB,LB,PY,PY,SI85,SI85,current,current,T1-19-T2-0-F1-0-F2-0,T1-14-T2-20-F1-0-F2-0,-1
Clearcut,BH6112-1-211,BH6112-1-211,LB,LB,PY,PY,SI60,SI60,current,post_regen,T1-0-T2-0-F1-0-F2-0,T1-0-T2-0-F1-0-F2-0,0
Site_Prep,BH6112-1-211,BH6112-1-211,LB,LB,PY,PY,SI60,SI60,current,current,T1-0-T2-0-F1-0-F2-0,T1-0-T2-0-F1-0-F2-0,-1
1st_Thin,BH6112-1-211,BH6112-1-211,LB,LB,PY,PY,SI60,SI60,current,current,T1-0-T2-0-F1-0-F2-0,T1-14-T2-0-F1-0-F2-0,-1
2nd_Thin,BH6112-1-213,BH6112-1-213,LB,LB,PY,PY,SI70,SI70,current,current,T1-12-T2-0-F1-0-F2-0,T1-12-T2-20-F1-0-F2-0,-1
Clearcut,BH6112-1-213,BH6112-1-213,LB,LB,PY,PY,SI70,SI70,current,post_regen,T1-12-T2-0-F1-0-F2-0,T1-0-T2-0-F1-0-F2-0,0
Site_Prep,BH6112-1-213,BH6112-1-213,LB,LB,PY,PY,SI70,SI70,current,current,T1-12-T2-0-F1-0-F2-0,T1-12-T2-0-F1-0-F2-0,-1
1st_Thin,BH6112-1-213,BH6112-1-213,LB,LB,PY,PY,SI70,SI70,current,current,T1-12-T2-0-F1-0-F2-0,T1-14-T2-0-F1-0-F2-0,-1
Clearcut,BH6112-1-215,BH6112-1-215,LB,LB,PY,PY,SI60,SI60,current,post_regen,T1-0-T2-0-F1-0-F2-0,T1-0-T2-0-F1-0-F2-0,0
Site_Prep,BH6112-1-215,BH6112-1-215,LB,LB,PY,PY,SI60,SI60,current,current,T1-0-T2-0-F1-0-F2-0,T1-0-T2-0-F1-0-F2-0,-1
1st_Thin,BH6112-1-215,BH6112-1-215,LB,LB,PY,PY,SI60,SI60,current,current,T1-0-T2-0-F1-0-F2-0,T1-14-T2-0-F1-0-F2-0,-1
2nd_Thin,BH6112-1-216,BH6112-1-216,LB,LB,PY,PY,SI90,SI90,current,current,T1-13-T2-0-F1-0-F2-0,T1-13-T2-21-F1-0-F2-0,-1
Clearcut,BH6112-1-216,BH6112-1-216,LB,LB,PY,PY,SI90,SI90,current,post_regen,T1-13-T2-0-F1-0-F2-0,T1-0-T2-0-F1-0-F2-0,0
Site_Prep,BH6112-1-216,BH6112-1-216,LB,LB,PY,PY,SI90,SI90,current,current,T1-13-T2-0-F1-0-F2-0,T1-13-T2-0-F1-0-F2-0,-1
1st_Thin,BH6112-1-216,BH6112-1-216,LB,LB,PY,PY,SI90,SI90,current,current,T1-13-T2-0-F1-0-F2-0,T1-14-T2-0-F1-0-F2-0,-1
1st_Thin,BH6112-1-218,BH6112-1-218,LB,LB,PY,PY,SI90,SI90,current,current,T1-0-T2-0-F1-0-F2-0,T1-15-T2-0-F1-0-F2-0,-1
Clearcut,BH6112-1-218,BH6112-1-218,LB,LB,PY,PY,SI90,SI90,current,post_regen,T1-0-T2-0-F1-0-F2-0,T1-0-T2-0-F1-0-F2-0,0
Site_Prep,BH6112-1-218,BH6112-1-218,LB,LB,PY,PY,SI90,SI90,current,current,T1-0-T2-0-F1-0-F2-0,T1-0-T2-0-F1-0-F2-0,-1
2nd_Thin,BH6112-1-218,BH6112-1-218,LB,LB,PY,PY,SI90,SI90,current,current,T1-0-T2-0-F1-0-F2-0,T1-14-T2-21-F1-0-F2-0,-1
1st_Thin,BH6112-1-219,BH6112-1-219,LB,LB,PY,PY,SI70,SI70,current,current,T1-0-T2-0-F1-0-F2-0,T1-14-T2-0-F1-0-F2-0,-1
2nd_Thin,BH6112-1-219,BH6112-1-219,LB,LB,PY,PY,SI70,SI70,current,current,T1-0-T2-0-F1-0-F2-0,T1-14-T2-21-F1-0-F2-0,-1
Clearcut,BH6112-1-219,BH6112-1-219,LB,LB,PY,PY,SI70,SI70,current,post_regen,T1-0-T2-0-F1-0-F2-0,T1-0-T2-0-F1-0-F2-0,0
Site_Prep,BH6112-1-219,BH6112-1-219,LB,LB,PY,PY,SI70,SI70,current,current,T1-0-T2-0-F1-0-F2-0,T1-0-T2-0-F1-0-F2-0,-1
1st_Thin,BH6112-1-222,BH6112-1-222,LB,LB,PY,PY,SI80,SI80,current,current,T1-0-T2-0-F1-0-F2-0,T1-14-T2-0-F1-0-F2-0,-1
Clearcut,BH6112-1-222,BH6112-1-222,LB,LB,PY,PY,SI80,SI80,current,post_regen,T1-0-T2-0-F1-0-F2-0,T1-0-T2-0-F1-0-F2-0,0
Site_Prep,BH6112-1-222,BH6112-1-222,LB,LB,PY,PY,SI80,SI80,current,current,T1-0-T2-0-F1-0-F2-0,T1-0-T2-0-F1-0-F2-0,-1
2nd_Thin,BH6112-1-222,BH6112-1-222,LB,LB,PY,PY,SI80,SI80,current,current,T1-0-T2-0-F1-0-F2-0,T1-14-T2-20-F1-0-F2-0,-1
Clearcut,BH6112-1-224,BH6112-1-224,LB,LB,PY,PY,SI60,SI60,current,post_regen,T1-0-T2-0-F1-0-F2-0,T1-0-T2-0-F1-0-F2-0,0
Site_Prep,BH6112-1-224,BH6112-1-224,LB,LB,PY,PY,SI60,SI60,current,current,T1-0-T2-0-F1-0-F2-0,T1-0-T2-0-F1-0-F2-0,-1
1st_Thin,BH6112-1-224,BH6112-1-224,LB,LB,PY,PY,SI60,SI60,current,current,T1-0-T2-0-F1-0-F2-0,T1-14-T2-0-F1-0-F2-0,-1
Clearcut,BH6112-1-225,BH6112-1-225,LB,LB,PY,PY,SI80,SI80,current,post_regen,T1-19-T2-0-F1-0-F2-0,T1-0-T2-0-F1-0-F2-0,0
Site_Prep,BH6112-1-225,BH6112-1-225,LB,LB,PY,PY,SI80,SI80,current,current,T1-19-T2-0-F1-0-F2-0,T1-19-T2-0-F1-0-F2-0,-1
1st_Thin,BH6112-1-225,BH6112-1-225,LB,LB,PY,PY,SI80,SI80,current,current,T1-19-T2-0-F1-0-F2-0,T1-14-T2-0-F1-0-F2-0,-1
2nd_Thin,BH6112-1-225,BH6112-1-225,LB,LB,PY,PY,SI80,SI80,current,current,T1-19-T2-0-F1-0-F2-0,T1-14-T2-21-F1-0-F2-0,-1
Clearcut,BH6112-1-228,BH6112-1-228,LB,LB,PY,PY,SI80,SI80,current,post_regen,T1-19-T2-0-F1-0-F2-0,T1-0-T2-0-F1-0-F2-0,0
Site_Prep,BH6112-1-228,BH6112-1-228,LB,LB,PY,PY,SI80,SI80,current,current,T1-19-T2-0-F1-0-F2-0,T1-19-T2-0-F1-0-F2-0,-1
1st_Thin,BH6112-1-228,BH6112-1-228,LB,LB,PY,PY,SI80,SI80,current,current,T1-19-T2-0-F1-0-F2-0,T1-14-T2-0-F1-0-F2-0,-1
2nd_Thin,BH6112-1-228,BH6112-1-228,LB,LB,PY,PY,SI80,SI80,current,current,T1-19-T2-0-F1-0-F2-0,T1-14-T2-20-F1-0-F2-0,-1
1st_Thin,BH6112-1-231,BH6112-1-231,LB,LB,PY,PY,SI75,SI75,current,current,T1-0-T2-0-F1-0-F2-0,T1-17-T2-0-F1-0-F2-0,-1
Clearcut,BH6112-1-231,BH6112-1-231,LB,LB,PY,PY,SI75,SI75,current,post_regen,T1-0-T2-0-F1-0-F2-0,T1-0-T2-0-F1-0-F2-0,0
Site_Prep,BH6112-1-231,BH6112-1-231,LB,LB,PY,PY,SI75,SI75,current,current,T1-0-T2-0-F1-0-F2-0,T1-0-T2-0-F1-0-F2-0,-1
Clearcut,BH6112-1-232,BH6112-1-232,LB,LB,PY,PY,SI80,SI80,current,post_regen,T1-15-T2-0-F1-0-F2-0,T1-0-T2-0-F1-0-F2-0,0
Site_Prep,BH6112-1-232,BH6112-1-232,LB,LB,PY,PY,SI80,SI80,current,current,T1-15-T2-0-F1-0-F2-0,T1-15-T2-0-F1-0-F2-0,-1
1st_Thin,BH6112-1-232,BH6112-1-232,LB,LB,PY,PY,SI80,SI80,current,current,T1-15-T2-0-F1-0-F2-0,T1-14-T2-0-F1-0-F2-0,-1
2nd_Thin,BH6112-1-232,BH6112-1-232,LB,LB,PY,PY,SI80,SI80,current,current,T1-15-T2-0-F1-0-F2-0,T1-14-T2-21-F1-0-F2-0,-1
1st_Thin,BH6112-1-235,BH6112-1-235,LB,LB,PY,PY,SI80,SI80,current,current,T1-0-T2-0-F1-0-F2-0,T1-14-T2-0-F1-0-F2-0,-1
Clearcut,BH6112-1-235,BH6112-1-235,LB,LB,PY,PY,SI80,SI80,current,post_regen,T1-0-T2-0-F1-0-F2-0,T1-0-T2-0-F1-0-F2-0,0
Site_Prep,BH6112-1-235,BH6112-1-235,LB,LB,PY,PY,SI80,SI80,current,current,T1-0-T2-0-F1-0-F2-0,T1-0-T2-0-F1-0-F2-0,-1
2nd_Thin,BH6112-1-235,BH6112-1-235,LB,LB,PY,PY,SI80,SI80,current,current,T1-0-T2-0-F1-0-F2-0,T1-14-T2-21-F1-0-F2-0,-1
Clearcut,BH6112-1-238,BH6112-1-238,SL,SL,PY,PY,SI60,SI60,current,post_regen,T1-21-T2-0-F1-0-F2-0,T1-0-T2-0-F1-0-F2-0,0
Site_Prep,BH6112-1-238,BH6112-1-238,SL,SL,PY,PY,SI60,SI60,current,current,T1-21-T2-0-F1-0-F2-0,T1-21-T2-0-F1-0-F2-0,-1
1st_Thin,BH6112-1-238,BH6112-1-238,SL,SL,PY,PY,SI60,SI60,current,current,T1-21-T2-0-F1-0-F2-0,T1-14-T2-0-F1-0-F2-0,-1
1st_Thin,BH6112-1-239,BH6112-1-239,LB,LB,PY,PY,SI90,SI90,current,current,T1-0-T2-0-F1-0-F2-0,T1-16-T2-0-F1-0-F2-0,-1
Clearcut,BH6112-1-239,BH6112-1-239,LB,LB,PY,PY,SI90,SI90,current,post_regen,T1-0-T2-0-F1-0-F2-0,T1-0-T2-0-F1-0-F2-0,0
Site_Prep,BH6112-1-239,BH6112-1-239,LB,LB,PY,PY,SI90,SI90,current,current,T1-0-T2-0-F1-0-F2-0,T1-0-T2-0-F1-0-F2-0,-1
2nd_Thin,BH6112-1-239,BH6112-1-239,LB,LB,PY,PY,SI90,SI90,current,current,T1-0-T2-0-F1-0-F2-0,T1-14-T2-21-F1-0-F2-0,-1
Clearcut,BH6112-1-242,BH6112-1-242,LB,LB,PY,PY,SI90,SI90,current,post_regen,T1-0-T2-0-F1-0-F2-0,T1-0-T2-0-F1-0-F2-0,0
Site_Prep,BH6112-1-242,BH6112-1-242,LB,LB,PY,PY,SI90,SI90,current,current,T1-0-T2-0-F1-0-F2-0,T1-0-T2-0-F1-0-F2-0,-1
1st_Thin,BH6112-1-242,BH6112-1-242,LB,LB,PY,PY,SI90,SI90,current,current,T1-0-T2-0-F1-0-F2-0,T1-14-T2-0-F1-0-F2-0,-1
2nd_Thin,BH6112-1-242,BH6112-1-242,LB,LB,PY,PY,SI90,SI90,current,current,T1-0-T2-0-F1-0-F2-0,T1-14-T2-21-F1-0-F2-0,-1
2nd_Thin,BH6112-1-243,BH6112-1-243,LB,LB,PY,PY,SI90,SI90,current,current,T1-13-T2-0-F1-0-F2-0,T1-13-T2-21-F1-0-F2-0,-1
Clearcut,BH6112-1-243,BH6112-1-243,LB,LB,PY,PY,SI90,SI90,current,post_regen,T1-13-T2-0-F1-0-F2-0,T1-0-T2-0-F1-0-F2-0,0
Site_Prep,BH6112-1-243,BH6112-1-243,LB,LB,PY,PY,SI90,SI90,current,current,T1-13-T2-0-F1-0-F2-0,T1-13-T2-0-F1-0-F2-0,-1
1st_Thin,BH6112-1-243,BH6112-1-243,LB,LB,PY,PY,SI90,SI90,current,current,T1-13-T2-0-F1-0-F2-0,T1-14-T2-0-F1-0-F2-0,-1
Clearcut,BH6112-1-244,BH6112-1-244,LB,LB,PY,PY,SI70,SI70,current,post_regen,T1-15-T2-0-F1-0-F2-0,T1-0-T2-0-F1-0-F2-0,0
Site_Prep,BH6112-1-244,BH6112-1-244,LB,LB,PY,PY,SI70,SI70,current,current,T1-15-T2-0-F1-0-F2-0,T1-15-T2-0-F1-0-F2-0,-1
1st_Thin,BH6112-1-244,BH6112-1-244,LB,LB,PY,PY,SI70,SI70,current,current,T1-15-T2-0-F1-0-F2-0,T1-14-T2-0-F1-0-F2-0,-1
Clearcut,BH6112-1-246,BH6112-1-246,LB,LB,PY,PY,SI85,SI85,current,post_regen,T1-14-T2-0-F1-0-F2-0,T1-0-T2-0-F1-0-F2-0,0
Site_Prep,BH6112-1-246,BH6112-1-246,LB,LB,PY,PY,SI85,SI85,current,current,T1-14-T2-0-F1-0-F2-0,T1-14-T2-0-F1-0-F2-0,-1
1st_Thin,BH6112-1-246,BH6112-1-246,LB,LB,PY,PY,SI85,SI85,current,current,T1-14-T2-0-F1-0-F2-0,T1-14-T2-0-F1-0-F2-0,-1
2nd_Thin,BH6112-1-246,BH6112-1-246,LB,LB,PY,PY,SI85,SI85,current,current,T1-14-T2-0-F1-0-F2-0,T1-14-T2-21-F1-0-F2-0,-1
2nd_Thin,BH6112-1-248,BH6112-1-248,LB,LB,PY,PY,SI65,SI65,current,current,T1-13-T2-0-F1-0-F2-0,T1-13-T2-21-F1-0-F2-0,-1
Clearcut,BH6112-1-248,BH6112-1-248,LB,LB,PY,PY,SI65,SI65,current,post_regen,T1-13-T2-0-F1-0-F2-0,T1-0-T2-0-F1-0-F2-0,0
Site_Prep,BH6112-1-248,BH6112-1-248,LB,LB,PY,PY,SI65,SI65,current,current,T1-13-T2-0-F1-0-F2-0,T1-13-T2-0-F1-0-F2-0,-1
1st_Thin,BH6112-1-248,BH6112-1-248,LB,LB,PY,PY,SI65,SI65,current,current,T1-13-T2-0-F1-0-F2-0,T1-14-T2-0-F1-0-F2-0,-1
1st_Thin,BH6112-1-249,BH6112-1-249,LB,LB,PY,PY,SI75,SI75,current,current,T1-0-T2-0-F1-0-F2-0,T1-14-T2-0-F1-0-F2-0,-1
Clearcut,BH6112-1-249,BH6112-1-249,LB,LB,PY,PY,SI75,SI75,current,post_regen,T1-0-T2-0-F1-0-F2-0,T1-0-T2-0-F1-0-F2-0,0
Site_Prep,BH6112-1-249,BH6112-1-249,LB,LB,PY,PY,SI75,SI75,current,current,T1-0-T2-0-F1-0-F2-0,T1-0-T2-0-F1-0-F2-0,-1
2nd_Thin,BH6112-1-249,BH6112-1-249,LB,LB,PY,PY,SI75,SI75,current,current,T1-0-T2-0-F1-0-F2-0,T1-14-T2-21-F1-0-F2-0,-1
1st_Thin,BH6112-1-251,BH6112-1-251,LB,LB,PY,PY,SI65,SI65,current,current,T1-0-T2-0-F1-0-F2-0,T1-14-T2-0-F1-0-F2-0,-1
2nd_Thin,BH6112-1-251,BH6112-1-251,LB,LB,PY,PY,SI65,SI65,current,current,T1-0-T2-0-F1-0-F2-0,T1-14-T2-21-F1-0-F2-0,-1
Clearcut,BH6112-1-251,BH6112-1-251,LB,LB,PY,PY,SI65,SI65,current,post_regen,T1-0-T2-0-F1-0-F2-0,T1-0-T2-0-F1-0-F2-0,0
Site_Prep,BH6112-1-251,BH6112-1-251,LB,LB,PY,PY,SI65,SI65,current,current,T1-0-T2-0-F1-0-F2-0,T1-0-T2-0-F1-0-F2-0,-1
Clearcut,BH6112-1-252,BH6112-1-252,LB,LB,PY,PY,SI90,SI90,current,post_regen,T1-14-T2-0-F1-0-F2-0,T1-0-T2-0-F1-0-F2-0,0
Site_Prep,BH6112-1-252,BH6112-1-252,LB,LB,PY,PY,SI90,SI90,current,current,T1-14-T2-0-F1-0-F2-0,T1-14-T2-0-F1-0-F2-0,-1
1st_Thin,BH6112-1-252,BH6112-1-252,LB,LB,PY,PY,SI90,SI90,current,current,T1-14-T2-0-F1-0-F2-0,T1-14-T2-0-F1-0-F2-0,-1
2nd_Thin,BH6112-1-252,BH6112-1-252,LB,LB,PY,PY,SI90,SI90,current,current,T1-14-T2-0-F1-0-F2-0,T1-14-T2-21-F1-0-F2-0,-1
Clearcut,BH6112-1-256,BH6112-1-256,LB,LB,PY,PY,SI80,SI80,current,post_regen,T1-0-T2-0-F1-0-F2-0,T1-0-T2-0-F1-0-F2-0,0
Site_Prep,BH6112-1-256,BH6112-1-256,LB,LB,PY,PY,SI80,SI80,current,current,T1-0-T2-0-F1-0-F2-0,T1-0-T2-0-F1-0-F2-0,-1
1st_Thin,BH6112-1-256,BH6112-1-256,LB,LB,PY,PY,SI80,SI80,current,current,T1-0-T2-0-F1-0-F2-0,T1-14-T2-0-F1-0-F2-0,-1
2nd_Thin,BH6112-1-256,BH6112-1-256,LB,LB,PY,PY,SI80,SI80,current,current,T1-0-T2-0-F1-0-F2-0,T1-14-T2-21-F1-0-F2-0,-1
Clearcut,BH6112-1-257,BH6112-1-257,LB,LB,PY,PY,SI75,SI75,current,post_regen,T1-0-T2-0-F1-0-F2-0,T1-0-T2-0-F1-0-F2-0,0
Site_Prep,BH6112-1-257,BH6112-1-257,LB,LB,PY,PY,SI75,SI75,current,current,T1-0-T2-0-F1-0-F2-0,T1-0-T2-0-F1-0-F2-0,-1
1st_Thin,BH6112-1-257,BH6112-1-257,LB,LB,PY,PY,SI75,SI75,current,current,T1-0-T2-0-F1-0-F2-0,T1-14-T2-0-F1-0-F2-0,-1
Clearcut,BH6112-1-258,BH6112-1-258,LB,LB,PY,PY,SI70,SI70,current,post_regen,T1-0-T2-0-F1-0-F2-0,T1-0-T2-0-F1-0-F2-0,0
Site_Prep,BH6112-1-258,BH6112-1-258,LB,LB,PY,PY,SI70,SI70,current,current,T1-0-T2-0-F1-0-F2-0,T1-0-T2-0-F1-0-F2-0,-1
1st_Thin,BH6112-1-258,BH6112-1-258,LB,LB,PY,PY,SI70,SI70,current,current,T1-0-T2-0-F1-0-F2-0,T1-14-T2-0-F1-0-F2-0,-1
1st_Thin,BH6112-1-260,BH6112-1-260,LB,LB,PY,PY,SI65,SI65,current,current,T1-0-T2-0-F1-0-F2-0,T1-14-T2-0-F1-0-F2-0,-1
2nd_Thin,BH6112-1-260,BH6112-1-260,LB,LB,PY,PY,SI65,SI65,current,current,T1-0-T2-0-F1-0-F2-0,T1-14-T2-21-F1-0-F2-0,-1
Clearcut,BH6112-1-260,BH6112-1-260,LB,LB,PY,PY,SI65,SI65,current,post_regen,T1-0-T2-0-F1-0-F2-0,T1-0-T2-0-F1-0-F2-0,0
Site_Prep,BH6112-1-260,BH6112-1-260,LB,LB,PY,PY,SI65,SI65,current,current,T1-0-T2-0-F1-0-F2-0,T1-0-T2-0-F1-0-F2-0,-1
Clearcut,BH6112-1-262,BH6112-1-262,LB,LB,PY,PY,SI80,SI80,current,post_regen,T1-0-T2-0-F1-0-F2-0,T1-0-T2-0-F1-0-F2-0,0
Site_Prep,BH6112-1-262,BH6112-1-262,LB,LB,PY,PY,SI80,SI80,current,current,T1-0-T2-0-F1-0-F2-0,T1-0-T2-0-F1-0-F2-0,-1
1st_Thin,BH6112-1-262,BH6112-1-262,LB,LB,PY,PY,SI80,SI80,current,current,T1-0-T2-0-F1-0-F2-0,T1-14-T2-0-F1-0-F2-0,-1
2nd_Thin,BH6112-1-262,BH6112-1-262,LB,LB,PY,PY,SI80,SI80,current,current,T1-0-T2-0-F1-0-F2-0,T1-14-T2-20-F1-0-F2-0,-1
Clearcut,BH6112-1-263,BH6112-1-263,LB,LB,PY,PY,SI90,SI90,current,post_regen,T1-0-T2-0-F1-0-F2-0,T1-0-T2-0-F1-0-F2-0,0
Site_Prep,BH6112-1-263,BH6112-1-263,LB,LB,PY,PY,SI90,SI90,current,current,T1-0-T2-0-F1-0-F2-0,T1-0-T2-0-F1-0-F2-0,-1
1st_Thin,BH6112-1-263,BH6112-1-263,LB,LB,PY,PY,SI90,SI90,current,current,T1-0-T2-0-F1-0-F2-0,T1-14-T2-0-F1-0-F2-0,-1
2nd_Thin,BH6112-1-263,BH6112-1-263,LB,LB,PY,PY,SI90,SI90,current,current,T1-0-T2-0-F1-0-F2-0,T1-14-T2-21-F1-0-F2-0,-1
Clearcut,BH6112-1-264,BH6112-1-264,LB,LB,PY,PY,SI70,SI70,current,post_regen,T1-0-T2-0-F1-0-F2-0,T1-0-T2-0-F1-0-F2-0,0
Site_Prep,BH6112-1-264,BH6112-1-264,LB,LB,PY,PY,SI70,SI70,current,current,T1-0-T2-0-F1-0-F2-0,T1-0-T2-0-F1-0-F2-0,-1
1st_Thin,BH6112-1-264,BH6112-1-264,LB,LB,PY,PY,SI70,SI70,current,current,T1-0-T2-0-F1-0-F2-0,T1-14-T2-0-F1-0-F2-0,-1
Clearcut,BH6112-1-265,BH6112-1-265,LB,LB,PY,PY,SI80,SI80,current,post_regen,T1-0-T2-0-F1-0-F2-0,T1-0-T2-0-F1-0-F2-0,0
Site_Prep,BH6112-1-265,BH6112-1-265,LB,LB,PY,PY,SI80,SI80,current,current,T1-0-T2-0-F1-0-F2-0,T1-0-T2-0-F1-0-F2-0,-1
1st_Thin,BH6112-1-265,BH6112-1-265,LB,LB,PY,PY,SI80,SI80,current,current,T1-0-T2-0-F1-0-F2-0,T1-14-T2-0-F1-0-F2-0,-1
2nd_Thin,BH6112-1-265,BH6112-1-265,LB,LB,PY,PY,SI80,SI80,current,current,T1-0-T2-0-F1-0-F2-0,T1-14-T2-21-F1-0-F2-0,-1
1st_Thin,BH6112-1-266,BH6112-1-266,LB,LB,PY,PY,SI75,SI75,current,current,T1-0-T2-0-F1-0-F2-0,T1-14-T2-0-F1-0-F2-0,-1
Clearcut,BH6112-1-266,BH6112-1-266,LB,LB,PY,PY,SI75,SI75,current,post_regen,T1-0-T2-0-F1-0-F2-0,T1-0-T2-0-F1-0-F2-0,0
Site_Prep,BH6112-1-266,BH6112-1-266,LB,LB,PY,PY,SI75,SI75,current,current,T1-0-T2-0-F1-0-F2-0,T1-0-T2-0-F1-0-F2-0,-1
Clearcut,BH6112-1-268,BH6112-1-268,SL,SL,PY,PY,SI70,SI70,current,post_regen,T1-0-T2-0-F1-0-F2-0,T1-0-T2-0-F1-0-F2-0,0
Site_Prep,BH6112-1-268,BH6112-1-268,SL,SL,PY,PY,SI70,SI70,current,current,T1-0-T2-0-F1-0-F2-0,T1-0-T2-0-F1-0-F2-0,-1
1st_Thin,BH6112-1-268,BH6112-1-268,SL,SL,PY,PY,SI70,SI70,current,current,T1-0-T2-0-F1-0-F2-0,T1-14-T2-0-F1-0-F2-0,-1
1st_Thin,BH6112-1-334,BH6112-1-334,LB,LB,PY,PY,SI70,SI70,current,current,T1-0-T2-0-F1-0-F2-0,T1-14-T2-0-F1-0-F2-0,-1
Clearcut,BH6112-1-334,BH6112-1-334,LB,LB,PY,PY,SI70,SI70,current,post_regen,T1-0-T2-0-F1-0-F2-0,T1-0-T2-0-F1-0-F2-0,0
Site_Prep,BH6112-1-334,BH6112-1-334,LB,LB,PY,PY,SI70,SI70,current,current,T1-0-T2-0-F1-0-F2-0,T1-0-T2-0-F1-0-F2-0,-1
1st_Thin,BH6112-1-344,BH6112-1-344,LB,LB,PY,PY,SI70,SI70,current,current,T1-0-T2-0-F1-0-F2-0,T1-14-T2-0-F1-0-F2-0,-1
Clearcut,BH6112-1-344,BH6112-1-344,LB,LB,PY,PY,SI70,SI70,current,post_regen,T1-0-T2-0-F1-0-F2-0,T1-0-T2-0-F1-0-F2-0,0
Site_Prep,BH6112-1-344,BH6112-1-344,LB,LB,PY,PY,SI70,SI70,current,current,T1-0-T2-0-F1-0-F2-0,T1-0-T2-0-F1-0-F2-0,-1
1st_Thin,BH6112-1-363,BH6112-1-363,LB,LB,PY,PY,SI70,SI70,current,current,T1-0-T2-0-F1-0-F2-0,T1-14-T2-0-F1-0-F2-0,-1
Clearcut,BH6112-1-363,BH6112-1-363,LB,LB,PY,PY,SI70,SI70,current,post_regen,T1-0-T2-0-F1-0-F2-0,T1-0-T2-0-F1-0-F2-0,0
Site_Prep,BH6112-1-363,BH6112-1-363,LB,LB,PY,PY,SI70,SI70,current,current,T1-0-T2-0-F1-0-F2-0,T1-0-T2-0-F1-0-F2-0,-1
Clearcut,BH6112-1-372,BH6112-1-372,LB,LB,PY,PY,SI80,SI80,current,post_regen,T1-15-T2-0-F1-0-F2-0,T1-0-T2-0-F1-0-F2-0,0
Site_Prep,BH6112-1-372,BH6112-1-372,LB,LB,PY,PY,SI80,SI80,current,current,T1-15-T2-0-F1-0-F2-0,T1-15-T2-0-F1-0-F2-0,-1
1st_Thin,BH6112-1-372,BH6112-1-372,LB,LB,PY,PY,SI80,SI80,current,current,T1-15-T2-0-F1-0-F2-0,T1-14-T2-0-F1-0-F2-0,-1
2nd_Thin,BH6112-1-372,BH6112-1-372,LB,LB,PY,PY,SI80,SI80,current,current,T1-15-T2-0-F1-0-F2-0,T1-14-T2-21-F1-0-F2-0,-1
Clearcut,BH6112-1-373,BH6112-1-373,LB,LB,PY,PY,SI90,SI90,current,post_regen,T1-14-T2-0-F1-0-F2-0,T1-0-T2-0-F1-0-F2-0,0
Site_Prep,BH6112-1-373,BH6112-1-373,LB,LB,PY,PY,SI90,SI90,current,current,T1-14-T2-0-F1-0-F2-0,T1-14-T2-0-F1-0-F2-0,-1
1st_Thin,BH6112-1-373,BH6112-1-373,LB,LB,PY,PY,SI90,SI90,current,current,T1-14-T2-0-F1-0-F2-0,T1-14-T2-0-F1-0-F2-0,-1
2nd_Thin,BH6112-1-373,BH6112-1-373,LB,LB,PY,PY,SI90,SI90,current,current,T1-14-T2-0-F1-0-F2-0,T1-14-T2-21-F1-0-F2-0,-1
Clearcut,BH6112-1-374,BH6112-1-374,LB,LB,PY,PY,SI85,SI85,current,post_regen,T1-14-T2-0-F1-0-F2-0,T1-0-T2-0-F1-0-F2-0,0
Site_Prep,BH6112-1-374,BH6112-1-374,LB,LB,PY,PY,SI85,SI85,current,current,T1-14-T2-0-F1-0-F2-0,T1-14-T2-0-F1-0-F2-0,-1
1st_Thin,BH6112-1-374,BH6112-1-374,LB,LB,PY,PY,SI85,SI85,current,current,T1-14-T2-0-F1-0-F2-0,T1-14-T2-0-F1-0-F2-0,-1
2nd_Thin,BH6112-1-374,BH6112-1-374,LB,LB,PY,PY,SI85,SI85,current,current,T1-14-T2-0-F1-0-F2-0,T1-14-T2-21-F1-0-F2-0,-1
Clearcut,BH6112-1-377,BH6112-1-377,LB,LB,PY,PY,SI75,SI75,current,post_regen,T1-13-T2-0-F1-0-F2-0,T1-0-T2-0-F1-0-F2-0,0
Site_Prep,BH6112-1-377,BH6112-1-377,LB,LB,PY,PY,SI75,SI75,current,current,T1-13-T2-0-F1-0-F2-0,T1-13-T2-0-F1-0-F2-0,-1
1st_Thin,BH6112-1-377,BH6112-1-377,LB,LB,PY,PY,SI75,SI75,current,current,T1-13-T2-0-F1-0-F2-0,T1-14-T2-0-F1-0-F2-0,-1
1st_Thin,BH6112-1-382,BH6112-1-382,LB,LB,PY,PY,SI80,SI80,current,current,T1-0-T2-0-F1-0-F2-0,T1-14-T2-0-F1-0-F2-0,-1
Clearcut,BH6112-1-382,BH6112-1-382,LB,LB,PY,PY,SI80,SI80,current,post_regen,T1-0-T2-0-F1-0-F2-0,T1-0-T2-0-F1-0-F2-0,0
Site_Prep,BH6112-1-382,BH6112-1-382,LB,LB,PY,PY,SI80,SI80,current,current,T1-0-T2-0-F1-0-F2-0,T1-0-T2-0-F1-0-F2-0,-1
1st_Thin,BH6112-1-388,BH6112-1-388,LB,LB,PY,PY,SI70,SI70,current,current,T1-0-T2-0-F1-0-F2-0,T1-14-T2-0-F1-0-F2-0,-1
Clearcut,BH6112-1-388,BH6112-1-388,LB,LB,PY,PY,SI70,SI70,current,post_regen,T1-0-T2-0-F1-0-F2-0,T1-0-T2-0-F1-0-F2-0,0
Site_Prep,BH6112-1-388,BH6112-1-388,LB,LB,PY,PY,SI70,SI70,current,current,T1-0-T2-0-F1-0-F2-0,T1-0-T2-0-F1-0-F2-0,-1
Clearcut,BH6112-1-391,BH6112-1-391,LB,LB,PY,PY,SI60,SI60,current,post_regen,T1-19-T2-0-F1-0-F2-0,T1-0-T2-0-F1-0-F2-0,0
Site_Prep,BH6112-1-391,BH6112-1-391,LB,LB,PY,PY,SI60,SI60,current,current,T1-19-T2-0-F1-0-F2-0,T1-19-T2-0-F1-0-F2-0,-1
1st_Thin,BH6112-1-391,BH6112-1-391,LB,LB,PY,PY,SI60,SI60,current,current,T1-19-T2-0-F1-0-F2-0,T1-14-T2-0-F1-0-F2-0,-1
Clearcut,BH6112-1-392,BH6112-1-392,LB,LB,PY,PY,SI70,SI70,current,post_regen,T1-17-T2-0-F1-0-F2-0,T1-0-T2-0-F1-0-F2-0,0
Site_Prep,BH6112-1-392,BH6112-1-392,LB,LB,PY,PY,SI70,SI70,current,current,T1-17-T2-0-F1-0-F2-0,T1-17-T2-0-F1-0-F2-0,-1
1st_Thin,BH6112-1-392,BH6112-1-392,LB,LB,PY,PY,SI70,SI70,current,current,T1-17-T2-0-F1-0-F2-0,T1-14-T2-0-F1-0-F2-0,-1
Clearcut,BH6112-1-393,BH6112-1-393,LB,LB,PY,PY,SI85,SI85,current,post_regen,T1-24-T2-0-F1-0-F2-0,T1-0-T2-0-F1-0-F2-0,0
Site_Prep,BH6112-1-393,BH6112-1-393,LB,LB,PY,PY,SI85,SI85,current,current,T1-24-T2-0-F1-0-F2-0,T1-24-T2-0-F1-0-F2-0,-1
1st_Thin,BH6112-1-393,BH6112-1-393,LB,LB,PY,PY,SI85,SI85,current,current,T1-24-T2-0-F1-0-F2-0,T1-14-T2-0-F1-0-F2-0,-1
2nd_Thin,BH6112-1-393,BH6112-1-393,LB,LB,PY,PY,SI85,SI85,current,current,T1-24-T2-0-F1-0-F2-0,T1-14-T2-20-F1-0-F2-0,-1
Clearcut,BH6112-1-401,BH6112-1-401,LB,LB,PY,PY,SI90,SI90,current,post_regen,T1-16-T2-0-F1-0-F2-0,T1-0-T2-0-F1-0-F2-0,0
Site_Prep,BH6112-1-401,BH6112-1-401,LB,LB,PY,PY,SI90,SI90,current,current,T1-16-T2-0-F1-0-F2-0,T1-16-T2-0-F1-0-F2-0,-1
1st_Thin,BH6112-1-401,BH6112-1-401,LB,LB,PY,PY,SI90,SI90,current,current,T1-16-T2-0-F1-0-F2-0,T1-14-T2-0-F1-0-F2-0,-1
2nd_Thin,BH6112-1-401,BH6112-1-401,LB,LB,PY,PY,SI90,SI90,current,current,T1-16-T2-0-F1-0-F2-0,T1-14-T2-21-F1-0-F2-0,-1
Clearcut,BH6112-1-403,BH6112-1-403,LB,LB,PY,PY,SI90,SI90,current,post_regen,T1-14-T2-0-F1-0-F2-0,T1-0-T2-0-F1-0-F2-0,0
Site_Prep,BH6112-1-403,BH6112-1-403,LB,LB,PY,PY,SI90,SI90,current,current,T1-14-T2-0-F1-0-F2-0,T1-14-T2-0-F1-0-F2-0,-1
1st_Thin,BH6112-1-403,BH6112-1-403,LB,LB,PY,PY,SI90,SI90,current,current,T1-14-T2-0-F1-0-F2-0,T1-14-T2-0-F1-0-F2-0,-1
2nd_Thin,BH6112-1-403,BH6112-1-403,LB,LB,PY,PY,SI90,SI90,current,current,T1-14-T2-0-F1-0-F2-0,T1-14-T2-21-F1-0-F2-0,-1
Clearcut,BH6112-1-404,BH6112-1-404,LB,LB,PY,PY,SI60,SI60,current,post_regen,T1-19-T2-0-F1-0-F2-0,T1-0-T2-0-F1-0-F2-0,0
Site_Prep,BH6112-1-404,BH6112-1-404,LB,LB,PY,PY,SI60,SI60,current,current,T1-19-T2-0-F1-0-F2-0,T1-19-T2-0-F1-0-F2-0,-1
1st_Thin,BH6112-1-404,BH6112-1-404,LB,LB,PY,PY,SI60,SI60,current,current,T1-19-T2-0-F1-0-F2-0,T1-14-T2-0-F1-0-F2-0,-1
Clearcut,BH6112-1-405,BH6112-1-405,LB,LB,PY,PY,SI90,SI90,current,post_regen,T1-14-T2-0-F1-0-F2-0,T1-0-T2-0-F1-0-F2-0,0
Site_Prep,BH6112-1-405,BH6112-1-405,LB,LB,PY,PY,SI90,SI90,current,current,T1-14-T2-0-F1-0-F2-0,T1-14-T2-0-F1-0-F2-0,-1
1st_Thin,BH6112-1-405,BH6112-1-405,LB,LB,PY,PY,SI90,SI90,current,current,T1-14-T2-0-F1-0-F2-0,T1-14-T2-0-F1-0-F2-0,-1
2nd_Thin,BH6112-1-405,BH6112-1-405,LB,LB,PY,PY,SI90,SI90,current,current,T1-14-T2-0-F1-0-F2-0,T1-14-T2-21-F1-0-F2-0,-1
1st_Thin,BH6125-1-269,BH6125-1-269,LB,LB,PY,PY,SI75,SI75,current,current,T1-0-T2-0-F1-0-F2-0,T1-14-T2-0-F1-0-F2-0,-1
Clearcut,BH6125-1-269,BH6125-1-269,LB,LB,PY,PY,SI75,SI75,current,post_regen,T1-0-T2-0-F1-0-F2-0,T1-0-T2-0-F1-0-F2-0,0
Site_Prep,BH6125-1-269,BH6125-1-269,LB,LB,PY,PY,SI75,SI75,current,current,T1-0-T2-0-F1-0-F2-0,T1-0-T2-0-F1-0-F2-0,-1
2nd_Thin,BH6125-1-269,BH6125-1-269,LB,LB,PY,PY,SI75,SI75,current,current,T1-0-T2-0-F1-0-F2-0,T1-14-T2-21-F1-0-F2-0,-1
Clearcut,BH6125-1-273,BH6125-1-273,SH,LB,PY,PY,SI75,SI75,current,post_regen,T1-0-T2-0-F1-0-F2-0,T1-0-T2-0-F1-0-F2-0,0
Site_Prep,BH6125-1-273,BH6125-1-273,SH,SH,PY,PY,SI75,SI75,current,current,T1-0-T2-0-F1-0-F2-0,T1-0-T2-0-F1-0-F2-0,-1
1st_Thin,BH6125-1-273,BH6125-1-273,SH,SH,PY,PY,SI75,SI75,current,current,T1-0-T2-0-F1-0-F2-0,T1-14-T2-0-F1-0-F2-0,-1
2nd_Thin,BH6125-1-273,BH6125-1-273,SH,SH,PY,PY,SI75,SI75,current,current,T1-0-T2-0-F1-0-F2-0,T1-14-T2-21-F1-0-F2-0,-1
Clearcut,BH6125-1-274,BH6125-1-274,LB,LB,PY,PY,SI80,SI80,current,post_regen,T1-17-T2-0-F1-0-F2-0,T1-0-T2-0-F1-0-F2-0,0
Site_Prep,BH6125-1-274,BH6125-1-274,LB,LB,PY,PY,SI80,SI80,current,current,T1-17-T2-0-F1-0-F2-0,T1-17-T2-0-F1-0-F2-0,-1
1st_Thin,BH6125-1-274,BH6125-1-274,LB,LB,PY,PY,SI80,SI80,current,current,T1-17-T2-0-F1-0-F2-0,T1-14-T2-0-F1-0-F2-0,-1
2nd_Thin,BH6125-1-274,BH6125-1-274,LB,LB,PY,PY,SI80,SI80,current,current,T1-17-T2-0-F1-0-F2-0,T1-14-T2-21-F1-0-F2-0,-1
Clearcut,BH6125-1-275,BH6125-1-275,LB,LB,PY,PY,SI80,SI80,current,post_regen,T1-0-T2-0-F1-0-F2-0,T1-0-T2-0-F1-0-F2-0,0
Site_Prep,BH6125-1-275,BH6125-1-275,LB,LB,PY,PY,SI80,SI80,current,current,T1-0-T2-0-F1-0-F2-0,T1-0-T2-0-F1-0-F2-0,-1
1st_Thin,BH6125-1-275,BH6125-1-275,LB,LB,PY,PY,SI80,SI80,current,current,T1-0-T2-0-F1-0-F2-0,T1-14-T2-0-F1-0-F2-0,-1
2nd_Thin,BH6125-1-275,BH6125-1-275,LB,LB,PY,PY,SI80,SI80,current,current,T1-0-T2-0-F1-0-F2-0,T1-14-T2-21-F1-0-F2-0,-1
Clearcut,BH6125-1-276,BH6125-1-276,LB,LB,PY,PY,SI60,SI60,current,post_regen,T1-0-T2-0-F1-0-F2-0,T1-0-T2-0-F1-0-F2-0,0
Site_Prep,BH6125-1-276,BH6125-1-276,LB,LB,PY,PY,SI60,SI60,current,current,T1-0-T2-0-F1-0-F2-0,T1-0-T2-0-F1-0-F2-0,-1
1st_Thin,BH6125-1-276,BH6125-1-276,LB,LB,PY,PY,SI60,SI60,current,current,T1-0-T2-0-F1-0-F2-0,T1-14-T2-0-F1-0-F2-0,-1
Clearcut,BH6125-1-279,BH6125-1-279,LB,LB,PY,PY,SI90,SI90,current,post_regen,T1-16-T2-0-F1-0-F2-0,T1-0-T2-0-F1-0-F2-0,0
Site_Prep,BH6125-1-279,BH6125-1-279,LB,LB,PY,PY,SI90,SI90,current,current,T1-16-T2-0-F1-0-F2-0,T1-16-T2-0-F1-0-F2-0,-1
1st_Thin,BH6125-1-279,BH6125-1-279,LB,LB,PY,PY,SI90,SI90,current,current,T1-16-T2-0-F1-0-F2-0,T1-14-T2-0-F1-0-F2-0,-1
2nd_Thin,BH6125-1-279,BH6125-1-279,LB,LB,PY,PY,SI90,SI90,current,current,T1-16-T2-0-F1-0-F2-0,T1-14-T2-21-F1-0-F2-0,-1
Clearcut,BH6125-1-281,BH6125-1-281,LB,LB,PY,PY,SI75,SI75,current,post_regen,T1-19-T2-0-F1-0-F2-0,T1-0-T2-0-F1-0-F2-0,0
Site_Prep,BH6125-1-281,BH6125-1-281,LB,LB,PY,PY,SI75,SI75,current,current,T1-19-T2-0-F1-0-F2-0,T1-19-T2-0-F1-0-F2-0,-1
1st_Thin,BH6125-1-281,BH6125-1-281,LB,LB,PY,PY,SI75,SI75,current,current,T1-19-T2-0-F1-0-F2-0,T1-14-T2-0-F1-0-F2-0,-1
2nd_Thin,BH6125-1-281,BH6125-1-281,LB,LB,PY,PY,SI75,SI75,current,current,T1-19-T2-0-F1-0-F2-0,T1-14-T2-21-F1-0-F2-0,-1
2nd_Thin,BH6125-1-282,BH6125-1-282,LB,LB,PY,PY,SI90,SI90,current,current,T1-13-T2-0-F1-0-F2-0,T1-13-T2-21-F1-0-F2-0,-1
Clearcut,BH6125-1-282,BH6125-1-282,LB,LB,PY,PY,SI90,SI90,current,post_regen,T1-13-T2-0-F1-0-F2-0,T1-0-T2-0-F1-0-F2-0,0
Site_Prep,BH6125-1-282,BH6125-1-282,LB,LB,PY,PY,SI90,SI90,current,current,T1-13-T2-0-F1-0-F2-0,T1-13-T2-0-F1-0-F2-0,-1
1st_Thin,BH6125-1-282,BH6125-1-282,LB,LB,PY,PY,SI90,SI90,current,current,T1-13-T2-0-F1-0-F2-0,T1-14-T2-0-F1-0-F2-0,-1
Clearcut,BH6125-1-283,BH6125-1-283,LL,LL,PY,PY,SI60,SI60,current,post_regen,T1-31-T2-0-F1-0-F2-0,T1-0-T2-0-F1-0-F2-0,0
Site_Prep,BH6125-1-283,BH6125-1-283,LL,LL,PY,PY,SI60,SI60,current,current,T1-31-T2-0-F1-0-F2-0,T1-31-T2-0-F1-0-F2-0,-1
1st_Thin,BH6125-1-283,BH6125-1-283,LL,LL,PY,PY,SI60,SI60,current,current,T1-31-T2-0-F1-0-F2-0,T1-14-T2-0-F1-0-F2-0,-1
Clearcut,BH6125-1-284,BH6125-1-284,LL,LL,PY,PY,SI60,SI60,current,post_regen,T1-31-T2-0-F1-0-F2-0,T1-0-T2-0-F1-0-F2-0,0
Site_Prep,BH6125-1-284,BH6125-1-284,LL,LL,PY,PY,SI60,SI60,current,current,T1-31-T2-0-F1-0-F2-0,T1-31-T2-0-F1-0-F2-0,-1
1st_Thin,BH6125-1-284,BH6125-1-284,LL,LL,PY,PY,SI60,SI60,current,current,T1-31-T2-0-F1-0-F2-0,T1-14-T2-0-F1-0-F2-0,-1
Clearcut,BH6125-1-285,BH6125-1-285,LB,LB,PY,PY,SI75,SI75,current,post_regen,T1-0-T2-0-F1-0-F2-0,T1-0-T2-0-F1-0-F2-0,0
Site_Prep,BH6125-1-285,BH6125-1-285,LB,LB,PY,PY,SI75,SI75,current,current,T1-0-T2-0-F1-0-F2-0,T1-0-T2-0-F1-0-F2-0,-1
1st_Thin,BH6125-1-285,BH6125-1-285,LB,LB,PY,PY,SI75,SI75,current,current,T1-0-T2-0-F1-0-F2-0,T1-14-T2-0-F1-0-F2-0,-1
2nd_Thin,BH6125-1-285,BH6125-1-285,LB,LB,PY,PY,SI75,SI75,current,current,T1-0-T2-0-F1-0-F2-0,T1-14-T2-21-F1-0-F2-0,-1
Clearcut,BH6125-1-286,BH6125-1-286,LL,LL,PY,PY,SI65,SI65,current,post_regen,T1-31-T2-0-F1-0-F2-0,T1-0-T2-0-F1-0-F2-0,0
Site_Prep,BH6125-1-286,BH6125-1-286,LL,LL,PY,PY,SI65,SI65,current,current,T1-31-T2-0-F1-0-F2-0,T1-31-T2-0-F1-0-F2-0,-1
1st_Thin,BH6125-1-286,BH6125-1-286,LL,LL,PY,PY,SI65,SI65,current,current,T1-31-T2-0-F1-0-F2-0,T1-14-T2-0-F1-0-F2-0,-1
Clearcut,BH6125-1-287,BH6125-1-287,LL,LL,PY,PY,SI65,SI65,current,post_regen,T1-32-T2-0-F1-0-F2-0,T1-0-T2-0-F1-0-F2-0,0
Site_Prep,BH6125-1-287,BH6125-1-287,LL,LL,PY,PY,SI65,SI65,current,current,T1-32-T2-0-F1-0-F2-0,T1-32-T2-0-F1-0-F2-0,-1
1st_Thin,BH6125-1-287,BH6125-1-287,LL,LL,PY,PY,SI65,SI65,current,current,T1-32-T2-0-F1-0-F2-0,T1-14-T2-0-F1-0-F2-0,-1
1st_Thin,BH6125-1-289,BH6125-1-289,LB,LB,PY,PY,SI60,SI60,current,current,T1-0-T2-0-F1-0-F2-0,T1-14-T2-0-F1-0-F2-0,-1
2nd_Thin,BH6125-1-289,BH6125-1-289,LB,LB,PY,PY,SI60,SI60,current,current,T1-0-T2-0-F1-0-F2-0,T1-14-T2-20-F1-0-F2-0,-1
Clearcut,BH6125-1-289,BH6125-1-289,LB,LB,PY,PY,SI60,SI60,current,post_regen,T1-0-T2-0-F1-0-F2-0,T1-0-T2-0-F1-0-F2-0,0
Site_Prep,BH6125-1-289,BH6125-1-289,LB,LB,PY,PY,SI60,SI60,current,current,T1-0-T2-0-F1-0-F2-0,T1-0-T2-0-F1-0-F2-0,-1
Clearcut,BH6125-1-291,BH6125-1-291,PH,LB,NY,NY,SI55,SI55,current,post_regen,T1-0-T2-0-F1-0-F2-0,T1-0-T2-0-F1-0-F2-0,0
22.89% clearcut,BH6125-1-291,BH6125-1-291,PH,PH,NY,NY,SI55,SI55,current,current,T1-0-T2-0-F1-0-F2-0,T1-0-T2-0-F1-0-F2-0,-1
Clearcut,BH6125-1-292,BH6125-1-292,LB,LB,PY,PY,SI90,SI90,current,post_regen,T1-16-T2-0-F1-0-F2-0,T1-0-T2-0-F1-0-F2-0,0
Site_Prep,BH6125-1-292,BH6125-1-292,LB,LB,PY,PY,SI90,SI90,current,current,T1-16-T2-0-F1-0-F2-0,T1-16-T2-0-F1-0-F2-0,-1
1st_Thin,BH6125-1-292,BH6125-1-292,LB,LB,PY,PY,SI90,SI90,current,current,T1-16-T2-0-F1-0-F2-0,T1-14-T2-0-F1-0-F2-0,-1
2nd_Thin,BH6125-1-292,BH6125-1-292,LB,LB,PY,PY,SI90,SI90,current,current,T1-16-T2-0-F1-0-F2-0,T1-14-T2-21-F1-0-F2-0,-1
Clearcut,BH6125-1-293,BH6125-1-293,LL,LL,PY,PY,SI60,SI60,current,post_regen,T1-31-T2-0-F1-0-F2-0,T1-0-T2-0-F1-0-F2-0,0
Site_Prep,BH6125-1-293,BH6125-1-293,LL,LL,PY,PY,SI60,SI60,current,current,T1-31-T2-0-F1-0-F2-0,T1-31-T2-0-F1-0-F2-0,-1
1st_Thin,BH6125-1-293,BH6125-1-293,LL,LL,PY,PY,SI60,SI60,current,current,T1-31-T2-0-F1-0-F2-0,T1-14-T2-0-F1-0-F2-0,-1
2nd_Thin,BH6125-1-294,BH6125-1-294,LB,LB,PY,PY,SI90,SI90,current,current,T1-12-T2-0-F1-0-F2-0,T1-12-T2-21-F1-0-F2-0,-1
Clearcut,BH6125-1-294,BH6125-1-294,LB,LB,PY,PY,SI90,SI90,current,post_regen,T1-12-T2-0-F1-0-F2-0,T1-0-T2-0-F1-0-F2-0,0
Site_Prep,BH6125-1-294,BH6125-1-294,LB,LB,PY,PY,SI90,SI90,current,current,T1-12-T2-0-F1-0-F2-0,T1-12-T2-0-F1-0-F2-0,-1
1st_Thin,BH6125-1-294,BH6125-1-294,LB,LB,PY,PY,SI90,SI90,current,current,T1-12-T2-0-F1-0-F2-0,T1-14-T2-0-F1-0-F2-0,-1
Clearcut,BH6125-1-297,BH6125-1-297,LL,LL,PY,PY,SI60,SI60,current,post_regen,T1-31-T2-0-F1-0-F2-0,T1-0-T2-0-F1-0-F2-0,0
Site_Prep,BH6125-1-297,BH6125-1-297,LL,LL,PY,PY,SI60,SI60,current,current,T1-31-T2-0-F1-0-F2-0,T1-31-T2-0-F1-0-F2-0,-1
1st_Thin,BH6125-1-297,BH6125-1-297,LL,LL,PY,PY,SI60,SI60,current,current,T1-31-T2-0-F1-0-F2-0,T1-14-T2-0-F1-0-F2-0,-1
Clearcut,BH6125-1-298,BH6125-1-298,LB,LB,PY,PY,SI70,SI70,current,post_regen,T1-0-T2-0-F1-0-F2-0,T1-0-T2-0-F1-0-F2-0,0
Site_Prep,BH6125-1-298,BH6125-1-298,LB,LB,PY,PY,SI70,SI70,current,current,T1-0-T2-0-F1-0-F2-0,T1-0-T2-0-F1-0-F2-0,-1
1st_Thin,BH6125-1-298,BH6125-1-298,LB,LB,PY,PY,SI70,SI70,current,current,T1-0-T2-0-F1-0-F2-0,T1-14-T2-0-F1-0-F2-0,-1
1st_Thin,BH6125-1-304,BH6125-1-304,LB,LB,PY,PY,SI80,SI80,current,current,T1-0-T2-0-F1-0-F2-0,T1-14-T2-0-F1-0-F2-0,-1
2nd_Thin,BH6125-1-304,BH6125-1-304,LB,LB,PY,PY,SI80,SI80,current,current,T1-0-T2-0-F1-0-F2-0,T1-14-T2-20-F1-0-F2-0,-1
Clearcut,BH6125-1-304,BH6125-1-304,LB,LB,PY,PY,SI80,SI80,current,post_regen,T1-0-T2-0-F1-0-F2-0,T1-0-T2-0-F1-0-F2-0,0
Site_Prep,BH6125-1-304,BH6125-1-304,LB,LB,PY,PY,SI80,SI80,current,current,T1-0-T2-0-F1-0-F2-0,T1-0-T2-0-F1-0-F2-0,-1
1st_Thin,BH6125-1-305,BH6125-1-305,LB,LB,PY,PY,SI80,SI80,current,current,T1-0-T2-0-F1-0-F2-0,T1-14-T2-0-F1-0-F2-0,-1
2nd_Thin,BH6125-1-305,BH6125-1-305,LB,LB,PY,PY,SI80,SI80,current,current,T1-0-T2-0-F1-0-F2-0,T1-14-T2-20-F1-0-F2-0,-1
Clearcut,BH6125-1-305,BH6125-1-305,LB,LB,PY,PY,SI80,SI80,current,post_regen,T1-0-T2-0-F1-0-F2-0,T1-0-T2-0-F1-0-F2-0,0
Site_Prep,BH6125-1-305,BH6125-1-305,LB,LB,PY,PY,SI80,SI80,current,current,T1-0-T2-0-F1-0-F2-0,T1-0-T2-0-F1-0-F2-0,-1
Clearcut,BH6125-1-307,BH6125-1-307,LB,LB,PY,PY,SI80,SI80,current,post_regen,T1-13-T2-0-F1-0-F2-0,T1-0-T2-0-F1-0-F2-0,0
Site_Prep,BH6125-1-307,BH6125-1-307,LB,LB,PY,PY,SI80,SI80,current,current,T1-13-T2-0-F1-0-F2-0,T1-13-T2-0-F1-0-F2-0,-1
1st_Thin,BH6125-1-307,BH6125-1-307,LB,LB,PY,PY,SI80,SI80,current,current,T1-13-T2-0-F1-0-F2-0,T1-14-T2-0-F1-0-F2-0,-1
2nd_Thin,BH6125-1-307,BH6125-1-307,LB,LB,PY,PY,SI80,SI80,current,current,T1-13-T2-0-F1-0-F2-0,T1-14-T2-21-F1-0-F2-0,-1
Clearcut,BH6125-1-311,BH6125-1-311,LB,LB,PY,PY,SI65,SI65,current,post_regen,T1-0-T2-0-F1-0-F2-0,T1-0-T2-0-F1-0-F2-0,0
Site_Prep,BH6125-1-311,BH6125-1-311,LB,LB,PY,PY,SI65,SI65,current,current,T1-0-T2-0-F1-0-F2-0,T1-0-T2-0-F1-0-F2-0,-1
1st_Thin,BH6125-1-311,BH6125-1-311,LB,LB,PY,PY,SI65,SI65,current,current,T1-0-T2-0-F1-0-F2-0,T1-14-T2-0-F1-0-F2-0,-1
1st_Thin,BH6125-1-314,BH6125-1-314,LB,LB,PY,PY,SI70,SI70,current,current,T1-0-T2-0-F1-0-F2-0,T1-14-T2-0-F1-0-F2-0,-1
2nd_Thin,BH6125-1-314,BH6125-1-314,LB,LB,PY,PY,SI70,SI70,current,current,T1-0-T2-0-F1-0-F2-0,T1-14-T2-20-F1-0-F2-0,-1
Clearcut,BH6125-1-314,BH6125-1-314,LB,LB,PY,PY,SI70,SI70,current,post_regen,T1-0-T2-0-F1-0-F2-0,T1-0-T2-0-F1-0-F2-0,0
Site_Prep,BH6125-1-314,BH6125-1-314,LB,LB,PY,PY,SI70,SI70,current,current,T1-0-T2-0-F1-0-F2-0,T1-0-T2-0-F1-0-F2-0,-1
1st_Thin,BH6125-1-319,BH6125-1-319,LB,LB,PY,PY,SI80,SI80,current,current,T1-0-T2-0-F1-0-F2-0,T1-14-T2-0-F1-0-F2-0,-1
2nd_Thin,BH6125-1-319,BH6125-1-319,LB,LB,PY,PY,SI80,SI80,current,current,T1-0-T2-0-F1-0-F2-0,T1-14-T2-20-F1-0-F2-0,-1
Clearcut,BH6125-1-319,BH6125-1-319,LB,LB,PY,PY,SI80,SI80,current,post_regen,T1-0-T2-0-F1-0-F2-0,T1-0-T2-0-F1-0-F2-0,0
Site_Prep,BH6125-1-319,BH6125-1-319,LB,LB,PY,PY,SI80,SI80,current,current,T1-0-T2-0-F1-0-F2-0,T1-0-T2-0-F1-0-F2-0,-1
1st_Thin,BH6125-1-320,BH6125-1-320,LB,LB,PY,PY,SI80,SI80,current,current,T1-0-T2-0-F1-0-F2-0,T1-14-T2-0-F1-0-F2-0,-1
2nd_Thin,BH6125-1-320,BH6125-1-320,LB,LB,PY,PY,SI80,SI80,current,current,T1-0-T2-0-F1-0-F2-0,T1-14-T2-20-F1-0-F2-0,-1
64.31% clearcut,BH6125-1-320,BH6125-1-320,LB,LB,PY,PY,SI80,SI80,current,current,T1-0-T2-0-F1-0-F2-0,T1-0-T2-0-F1-0-F2-0,-1
Site_Prep,BH6125-1-320,BH6125-1-320,LB,LB,PY,PY,SI80,SI80,current,current,T1-0-T2-0-F1-0-F2-0,T1-0-T2-0-F1-0-F2-0,-1
Clearcut,BH6125-1-320,BH6125-1-320,LB,LB,PY,PY,SI80,SI80,current,post_regen,T1-0-T2-0-F1-0-F2-0,T1-0-T2-0-F1-0-F2-0,0
35.69% clearcut,BH6125-1-320,BH6125-1-320,LB,LB,PY,PY,SI80,SI80,current,current,T1-0-T2-0-F1-0-F2-0,T1-0-T2-0-F1-0-F2-0,-1
1st_Thin,BH6125-1-321,BH6125-1-321,LB,LB,PY,PY,SI70,SI70,current,current,T1-0-T2-0-F1-0-F2-0,T1-14-T2-0-F1-0-F2-0,-1
2nd_Thin,BH6125-1-321,BH6125-1-321,LB,LB,PY,PY,SI70,SI70,current,current,T1-0-T2-0-F1-0-F2-0,T1-14-T2-20-F1-0-F2-0,-1
Clearcut,BH6125-1-321,BH6125-1-321,LB,LB,PY,PY,SI70,SI70,current,post_regen,T1-0-T2-0-F1-0-F2-0,T1-0-T2-0-F1-0-F2-0,0
Site_Prep,BH6125-1-321,BH6125-1-321,LB,LB,PY,PY,SI70,SI70,current,current,T1-0-T2-0-F1-0-F2-0,T1-0-T2-0-F1-0-F2-0,-1
2nd_Thin,BH6125-1-326,BH6125-1-326,LB,LB,PY,PY,SI80,SI80,current,current,T1-13-T2-0-F1-0-F2-0,T1-13-T2-20-F1-0-F2-0,-1
Clearcut,BH6125-1-326,BH6125-1-326,LB,LB,PY,PY,SI80,SI80,current,post_regen,T1-13-T2-0-F1-0-F2-0,T1-0-T2-0-F1-0-F2-0,0
Site_Prep,BH6125-1-326,BH6125-1-326,LB,LB,PY,PY,SI80,SI80,current,current,T1-13-T2-0-F1-0-F2-0,T1-13-T2-0-F1-0-F2-0,-1
1st_Thin,BH6125-1-326,BH6125-1-326,LB,LB,PY,PY,SI80,SI80,current,current,T1-13-T2-0-F1-0-F2-0,T1-14-T2-0-F1-0-F2-0,-1
1st_Thin,BH6125-1-335,BH6125-1-335,LB,LB,PY,PY,SI75,SI75,current,current,T1-0-T2-0-F1-0-F2-0,T1-14-T2-0-F1-0-F2-0,-1
Clearcut,BH6125-1-335,BH6125-1-335,LB,LB,PY,PY,SI75,SI75,current,post_regen,T1-0-T2-0-F1-0-F2-0,T1-0-T2-0-F1-0-F2-0,0
Site_Prep,BH6125-1-335,BH6125-1-335,LB,LB,PY,PY,SI75,SI75,current,current,T1-0-T2-0-F1-0-F2-0,T1-0-T2-0-F1-0-F2-0,-1
1st_Thin,BH6125-1-346,BH6125-1-346,LB,LB,PY,PY,SI70,SI70,current,current,T1-0-T2-0-F1-0-F2-0,T1-14-T2-0-F1-0-F2-0,-1
Clearcut,BH6125-1-346,BH6125-1-346,LB,LB,PY,PY,SI70,SI70,current,post_regen,T1-0-T2-0-F1-0-F2-0,T1-0-T2-0-F1-0-F2-0,0
Site_Prep,BH6125-1-346,BH6125-1-346,LB,LB,PY,PY,SI70,SI70,current,current,T1-0-T2-0-F1-0-F2-0,T1-0-T2-0-F1-0-F2-0,-1
1st_Thin,BH6125-1-352,BH6125-1-352,LB,LB,PY,PY,SI80,SI80,current,current,T1-0-T2-0-F1-0-F2-0,T1-14-T2-0-F1-0-F2-0,-1
2nd_Thin,BH6125-1-352,BH6125-1-352,LB,LB,PY,PY,SI80,SI80,current,current,T1-0-T2-0-F1-0-F2-0,T1-14-T2-20-F1-0-F2-0,-1
Clearcut,BH6125-1-352,BH6125-1-352,LB,LB,PY,PY,SI80,SI80,current,post_regen,T1-0-T2-0-F1-0-F2-0,T1-0-T2-0-F1-0-F2-0,0
Site_Prep,BH6125-1-352,BH6125-1-352,LB,LB,PY,PY,SI80,SI80,current,current,T1-0-T2-0-F1-0-F2-0,T1-0-T2-0-F1-0-F2-0,-1
Clearcut,BH6125-1-354,BH6125-1-354,LB,LB,PY,PY,SI90,SI90,current,post_regen,T1-15-T2-0-F1-0-F2-0,T1-0-T2-0-F1-0-F2-0,0
Site_Prep,BH6125-1-354,BH6125-1-354,LB,LB,PY,PY,SI90,SI90,current,current,T1-15-T2-0-F1-0-F2-0,T1-15-T2-0-F1-0-F2-0,-1
1st_Thin,BH6125-1-354,BH6125-1-354,LB,LB,PY,PY,SI90,SI90,current,current,T1-15-T2-0-F1-0-F2-0,T1-14-T2-0-F1-0-F2-0,-1
2nd_Thin,BH6125-1-354,BH6125-1-354,LB,LB,PY,PY,SI90,SI90,current,current,T1-15-T2-0-F1-0-F2-0,T1-14-T2-21-F1-0-F2-0,-1
1st_Thin,BH6125-1-358,BH6125-1-358,LB,LB,PY,PY,SI75,SI75,current,current,T1-0-T2-0-F1-0-F2-0,T1-14-T2-0-F1-0-F2-0,-1
Clearcut,BH6125-1-358,BH6125-1-358,LB,LB,PY,PY,SI75,SI75,current,post_regen,T1-0-T2-0-F1-0-F2-0,T1-0-T2-0-F1-0-F2-0,0
Site_Prep,BH6125-1-358,BH6125-1-358,LB,LB,PY,PY,SI75,SI75,current,current,T1-0-T2-0-F1-0-F2-0,T1-0-T2-0-F1-0-F2-0,-1
1st_Thin,BH6125-1-360,BH6125-1-360,LB,LB,PY,PY,SI80,SI80,current,current,T1-0-T2-0-F1-0-F2-0,T1-14-T2-0-F1-0-F2-0,-1
2nd_Thin,BH6125-1-360,BH6125-1-360,LB,LB,PY,PY,SI80,SI80,current,current,T1-0-T2-0-F1-0-F2-0,T1-14-T2-20-F1-0-F2-0,-1
Clearcut,BH6125-1-360,BH6125-1-360,LB,LB,PY,PY,SI80,SI80,current,post_regen,T1-0-T2-0-F1-0-F2-0,T1-0-T2-0-F1-0-F2-0,0
Site_Prep,BH6125-1-360,BH6125-1-360,LB,LB,PY,PY,SI80,SI80,current,current,T1-0-T2-0-F1-0-F2-0,T1-0-T2-0-F1-0-F2-0,-1
1st_Thin,BH6125-1-366,BH6125-1-366,LB,LB,PY,PY,SI80,SI80,current,current,T1-0-T2-0-F1-0-F2-0,T1-14-T2-0-F1-0-F2-0,-1
2nd_Thin,BH6125-1-366,BH6125-1-366,LB,LB,PY,PY,SI80,SI80,current,current,T1-0-T2-0-F1-0-F2-0,T1-14-T2-20-F1-0-F2-0,-1
Clearcut,BH6125-1-366,BH6125-1-366,LB,LB,PY,PY,SI80,SI80,current,post_regen,T1-0-T2-0-F1-0-F2-0,T1-0-T2-0-F1-0-F2-0,0
Site_Prep,BH6125-1-366,BH6125-1-366,LB,LB,PY,PY,SI80,SI80,current,current,T1-0-T2-0-F1-0-F2-0,T1-0-T2-0-F1-0-F2-0,-1
Clearcut,BH6125-1-368,BH6125-1-368,LB,LB,PY,PY,SI75,SI75,current,post_regen,T1-19-T2-0-F1-0-F2-0,T1-0-T2-0-F1-0-F2-0,0
Site_Prep,BH6125-1-368,BH6125-1-368,LB,LB,PY,PY,SI75,SI75,current,current,T1-19-T2-0-F1-0-F2-0,T1-19-T2-0-F1-0-F2-0,-1
1st_Thin,BH6125-1-368,BH6125-1-368,LB,LB,PY,PY,SI75,SI75,current,current,T1-19-T2-0-F1-0-F2-0,T1-14-T2-0-F1-0-F2-0,-1
2nd_Thin,BH6125-1-368,BH6125-1-368,LB,LB,PY,PY,SI75,SI75,current,current,T1-19-T2-0-F1-0-F2-0,T1-14-T2-21-F1-0-F2-0,-1
Clearcut,BH6125-1-369,BH6125-1-369,LB,LB,PY,PY,SI90,SI90,current,post_regen,T1-12-T2-0-F1-0-F2-0,T1-0-T2-0-F1-0-F2-0,0
Site_Prep,BH6125-1-369,BH6125-1-369,LB,LB,PY,PY,SI90,SI90,current,current,T1-12-T2-0-F1-0-F2-0,T1-12-T2-0-F1-0-F2-0,-1
1st_Thin,BH6125-1-369,BH6125-1-369,LB,LB,PY,PY,SI90,SI90,current,current,T1-12-T2-0-F1-0-F2-0,T1-14-T2-0-F1-0-F2-0,-1
2nd_Thin,BH6125-1-369,BH6125-1-369,LB,LB,PY,PY,SI90,SI90,current,current,T1-12-T2-0-F1-0-F2-0,T1-14-T2-21-F1-0-F2-0,-1
Clearcut,BH6125-1-370,BH6125-1-370,LB,LB,PY,PY,SI90,SI90,current,post_regen,T1-15-T2-0-F1-0-F2-0,T1-0-T2-0-F1-0-F2-0,0
Site_Prep,BH6125-1-370,BH6125-1-370,LB,LB,PY,PY,SI90,SI90,current,current,T1-15-T2-0-F1-0-F2-0,T1-15-T2-0-F1-0-F2-0,-1
1st_Thin,BH6125-1-370,BH6125-1-370,LB,LB,PY,PY,SI90,SI90,current,current,T1-15-T2-0-F1-0-F2-0,T1-14-T2-0-F1-0-F2-0,-1
2nd_Thin,BH6125-1-370,BH6125-1-370,LB,LB,PY,PY,SI90,SI90,current,current,T1-15-T2-0-F1-0-F2-0,T1-14-T2-21-F1-0-F2-0,-1
Clearcut,BH6125-1-371,BH6125-1-371,LB,LB,PY,PY,SI90,SI90,current,post_regen,T1-15-T2-0-F1-0-F2-0,T1-0-T2-0-F1-0-F2-0,0
Site_Prep,BH6125-1-371,BH6125-1-371,LB,LB,PY,PY,SI90,SI90,current,current,T1-15-T2-0-F1-0-F2-0,T1-15-T2-0-F1-0-F2-0,-1
1st_Thin,BH6125-1-371,BH6125-1-371,LB,LB,PY,PY,SI90,SI90,current,current,T1-15-T2-0-F1-0-F2-0,T1-14-T2-0-F1-0-F2-0,-1
2nd_Thin,BH6125-1-371,BH6125-1-371,LB,LB,PY,PY,SI90,SI90,current,current,T1-15-T2-0-F1-0-F2-0,T1-14-T2-21-F1-0-F2-0,-1
Clearcut,BH6125-1-375,BH6125-1-375,LB,LB,PY,PY,SI85,SI85,current,post_regen,T1-13-T2-0-F1-0-F2-0,T1-0-T2-0-F1-0-F2-0,0
Site_Prep,BH6125-1-375,BH6125-1-375,LB,LB,PY,PY,SI85,SI85,current,current,T1-13-T2-0-F1-0-F2-0,T1-13-T2-0-F1-0-F2-0,-1
1st_Thin,BH6125-1-375,BH6125-1-375,LB,LB,PY,PY,SI85,SI85,current,current,T1-13-T2-0-F1-0-F2-0,T1-14-T2-0-F1-0-F2-0,-1
2nd_Thin,BH6125-1-375,BH6125-1-375,LB,LB,PY,PY,SI85,SI85,current,current,T1-13-T2-0-F1-0-F2-0,T1-14-T2-21-F1-0-F2-0,-1
Clearcut,BH6125-1-376,BH6125-1-376,LB,LB,PY,PY,SI80,SI80,current,post_regen,T1-13-T2-0-F1-0-F2-0,T1-0-T2-0-F1-0-F2-0,0
Site_Prep,BH6125-1-376,BH6125-1-376,LB,LB,PY,PY,SI80,SI80,current,current,T1-13-T2-0-F1-0-F2-0,T1-13-T2-0-F1-0-F2-0,-1
1st_Thin,BH6125-1-376,BH6125-1-376,LB,LB,PY,PY,SI80,SI80,current,current,T1-13-T2-0-F1-0-F2-0,T1-14-T2-0-F1-0-F2-0,-1
2nd_Thin,BH6125-1-376,BH6125-1-376,LB,LB,PY,PY,SI80,SI80,current,current,T1-13-T2-0-F1-0-F2-0,T1-14-T2-21-F1-0-F2-0,-1
1st_Thin,BH6125-1-386,BH6125-1-386,LB,LB,PY,PY,SI75,SI75,current,current,T1-0-T2-0-F1-0-F2-0,T1-14-T2-0-F1-0-F2-0,-1
2nd_Thin,BH6125-1-386,BH6125-1-386,LB,LB,PY,PY,SI75,SI75,current,current,T1-0-T2-0-F1-0-F2-0,T1-14-T2-20-F1-0-F2-0,-1
Clearcut,BH6125-1-386,BH6125-1-386,LB,LB,PY,PY,SI75,SI75,current,post_regen,T1-0-T2-0-F1-0-F2-0,T1-0-T2-0-F1-0-F2-0,0
Site_Prep,BH6125-1-386,BH6125-1-386,LB,LB,PY,PY,SI75,SI75,current,current,T1-0-T2-0-F1-0-F2-0,T1-0-T2-0-F1-0-F2-0,-1
1st_Thin,BH6125-1-387,BH6125-1-387,LB,LB,PY,PY,SI75,SI75,current,current,T1-0-T2-0-F1-0-F2-0,T1-14-T2-0-F1-0-F2-0,-1
Clearcut,BH6125-1-387,BH6125-1-387,LB,LB,PY,PY,SI75,SI75,current,post_regen,T1-0-T2-0-F1-0-F2-0,T1-0-T2-0-F1-0-F2-0,0
Site_Prep,BH6125-1-387,BH6125-1-387,LB,LB,PY,PY,SI75,SI75,current,current,T1-0-T2-0-F1-0-F2-0,T1-0-T2-0-F1-0-F2-0,-1
Site_Prep,BH6125-1-394,BH6125-1-394,COLL,COLL,OY,OY,SI70,SI70,current,current,T1-0-T2-0-F1-0-F2-0,T1-0-T2-0-F1-0-F2-0,-1
1st_Thin,BH6125-1-394,BH6125-1-394,COLL,COLL,OY,OY,SI70,SI70,current,current,T1-0-T2-0-F1-0-F2-0,T1-14-T2-0-F1-0-F2-0,-1
Clearcut,BH6125-1-394,BH6125-1-394,COLL,LL,OY,OY,SI70,SI70,current,post_regen,T1-0-T2-0-F1-0-F2-0,T1-0-T2-0-F1-0-F2-0,0
Site_Prep,BH6125-1-399,BH6125-1-399,COLL,COLL,OY,OY,SI75,SI75,current,current,T1-0-T2-0-F1-0-F2-0,T1-0-T2-0-F1-0-F2-0,-1
1st_Thin,BH6125-1-399,BH6125-1-399,COLL,COLL,OY,OY,SI75,SI75,current,current,T1-0-T2-0-F1-0-F2-0,T1-14-T2-0-F1-0-F2-0,-1
Clearcut,BH6125-1-399,BH6125-1-399,COLL,LL,OY,OY,SI75,SI75,current,post_regen,T1-0-T2-0-F1-0-F2-0,T1-0-T2-0-F1-0-F2-0,0
Site_Prep,BH6125-1-400,BH6125-1-400,COLL,COLL,OY,OY,SI75,SI75,current,current,T1-0-T2-0-F1-0-F2-0,T1-0-T2-0-F1-0-F2-0,-1
1st_Thin,BH6125-1-400,BH6125-1-400,COLL,COLL,OY,OY,SI75,SI75,current,current,T1-0-T2-0-F1-0-F2-0,T1-14-T2-0-F1-0-F2-0,-1
Clearcut,BH6125-1-400,BH6125-1-400,COLL,LL,OY,OY,SI75,SI75,current,post_regen,T1-0-T2-0-F1-0-F2-0,T1-0-T2-0-F1-0-F2-0,0
Clearcut,BH6125-1-402,BH6125-1-402,LB,LB,PY,PY,SI75,SI75,current,post_regen,T1-18-T2-0-F1-0-F2-0,T1-0-T2-0-F1-0-F2-0,0
Site_Prep,BH6125-1-402,BH6125-1-402,LB,LB,PY,PY,SI75,SI75,current,current,T1-18-T2-0-F1-0-F2-0,T1-18-T2-0-F1-0-F2-0,-1
1st_Thin,BH6125-1-402,BH6125-1-402,LB,LB,PY,PY,SI75,SI75,current,current,T1-18-T2-0-F1-0-F2-0,T1-14-T2-0-F1-0-F2-0,-1
2nd_Thin,BH6125-1-402,BH6125-1-402,LB,LB,PY,PY,SI75,SI75,current,current,T1-18-T2-0-F1-0-F2-0,T1-14-T2-21-F1-0-F2-0,-1
